Education,Income,Kidhome,Marital_Status,NumDealsPurchases,Recency,Teenhome,Year_Birth,Succesful_cmp,Months_After_2012
2,0.2886582009813989,0,0,3,58,0,1957,0,9
2,-0.2622934838169863,1,0,2,38,1,1954,0,27
2,0.9181370845372951,0,2,1,26,0,1965,0,20
2,-1.1824771608696056,1,2,2,26,0,1984,0,26
4,0.2958989599388136,1,3,5,94,0,1981,0,25
3,0.49303446187617034,0,2,2,16,1,1967,0,21
2,0.17173162246263016,0,1,4,34,1,1971,0,11
4,-0.8644443416303816,1,3,2,32,0,1985,0,17
4,-1.0093996645004333,1,2,1,19,0,1974,0,18
4,-2.163389784016671,1,2,1,68,1,1950,3,27
2,3.398932597978631e-16,1,3,1,11,0,1983,0,23
0,-2.0768743931190445,0,3,1,59,0,1976,0,11
2,0.5173260403139489,0,1,1,82,0,1959,0,23
3,0.34546312286666564,1,1,3,53,1,1952,0,23
2,-1.6179971335146237,0,3,1,38,0,1987,0,10
4,1.4407330229669657,0,0,1,23,0,1946,1,11
2,-0.4722287790080956,1,3,3,51,1,1980,0,12
2,-0.6632913863360077,0,2,2,20,0,1946,0,8
3,1.1695549213683032,0,3,2,91,1,1949,1,15
1,-0.8477205241674495,1,0,2,86,0,1985,0,11
2,-0.6969258795575473,0,3,1,41,0,1982,0,8
2,-2.3129231351307658,1,3,15,42,0,1979,0,13
4,0.31056733614931836,0,3,3,63,1,1949,4,12
4,0.624349129161931,0,3,3,0,1,1954,0,25
2,-0.5264643993278281,0,2,7,69,1,1951,0,15
2,-1.5588564829334168,0,0,2,89,0,1969,0,13
2,0.06540925222343016,1,3,4,4,1,1976,0,17
2,3.398932597978631e-16,1,0,0,19,0,1986,0,14
2,-0.6352626419847248,1,3,2,26,0,1989,0,17
4,1.525660118351353,0,3,1,96,0,1965,5,23
3,-1.9143543904555222,0,1,2,34,0,1989,0,29
3,-0.6231168527658355,0,2,1,56,0,1963,0,17
2,-0.5330511542503796,0,2,2,31,1,1970,4,10
4,-0.24986740715458422,0,1,6,8,2,1952,0,10
3,0.7800488040333078,0,3,1,4,0,1946,0,14
3,-0.12004760623422535,1,0,1,55,1,1951,0,20
4,0.7191329996431861,0,3,5,37,1,1970,0,24
1,-1.3192574333038662,1,3,3,76,0,1976,0,21
2,-0.4451810407091076,0,1,2,99,1,1973,0,26
4,-0.1406487333324183,0,1,2,53,0,1943,3,14
2,1.3104460763074188,0,3,2,3,1,1980,0,16
3,-1.466828772313371,1,3,2,88,0,1985,0,15
2,-1.399793358739886,0,2,1,4,1,1957,0,12
4,3.398932597978631e-16,0,0,1,80,0,1959,0,23
3,-2.0768743931190445,1,3,3,19,0,1975,0,22
2,1.3071760561331025,0,0,1,72,0,1976,0,30
1,-2.0768743931190445,0,3,3,24,0,1996,0,11
2,-0.4779279570261898,1,2,1,92,0,1968,0,17
2,3.398932597978631e-16,2,0,3,96,1,1951,0,25
4,0.9619086402992153,1,3,9,39,1,1954,0,11
2,0.6319168901367774,0,1,1,29,1,1957,0,29
3,1.2698978261458962,0,3,1,2,0,1964,0,8
2,-0.7553190969560534,1,0,2,54,0,1977,0,13
2,1.4305492458526663,0,1,1,54,0,1977,1,30
2,0.6733527172027574,1,3,7,57,1,1978,0,18
3,1.4212997602167428,0,2,1,55,0,1955,5,11
2,0.8561935595209598,0,1,1,30,0,1966,0,16
2,-1.1221219313665096,1,0,1,31,0,1988,0,28
2,3.398932597978631e-16,1,0,2,57,0,1982,0,18
4,0.18663357154272892,0,3,3,63,1,1968,0,27
3,1.1126565703351987,0,0,1,12,0,1982,4,19
2,0.6864327979000228,1,2,4,18,1,1975,0,9
2,0.460801405872195,0,0,4,26,1,1952,0,14
4,0.7344086653146353,0,1,1,8,1,1951,0,18
2,0.8738983830361868,0,2,1,29,0,1948,0,24
2,-1.2256881417445,1,3,1,75,0,1971,0,17
2,-0.9102246240708105,1,2,1,0,1,1967,0,29
1,1.6927114346849994,0,0,1,19,1,1979,1,27
2,0.8005565019836631,0,2,1,4,1,1958,0,21
2,1.069539018608142,1,2,7,90,2,1970,0,16
3,0.7022223238845787,0,3,3,1,0,1954,0,9
1,3.398932597978631e-16,1,3,3,25,0,1973,0,9
2,0.6106617590037211,0,3,4,29,1,1959,0,15
4,0.40511763376097953,1,3,5,88,1,1975,4,16
2,-1.1037163892425004,0,3,1,58,0,1952,0,28
2,-0.5471589555738587,1,1,1,68,0,1977,0,12
3,1.0880847044539075,0,3,1,34,0,1972,0,8
2,1.1148988698833013,0,0,0,40,0,1976,3,10
1,-1.1974258245236231,0,2,1,12,0,1976,0,21
2,0.19093131234325897,0,2,2,9,0,1965,3,13
2,-1.0370079776864471,1,0,4,87,0,1985,0,8
2,-1.1984535451498368,1,3,1,5,0,1969,0,18
1,-1.3266850505569563,1,3,3,87,0,1973,0,19
3,-0.6231168527658355,0,2,1,56,0,1963,0,17
2,1.3735107510978055,0,1,1,18,0,1987,0,26
2,-1.0519566413404646,1,3,2,95,1,1960,0,20
3,-0.7390624252323093,1,3,5,48,1,1970,4,19
2,-0.07337974688933924,0,0,4,3,1,1957,1,29
2,1.2909193844093583,0,3,1,70,0,1973,5,29
2,0.10366848826293139,0,2,1,79,1,1967,0,25
4,3.398932597978631e-16,2,3,12,4,1,1957,0,11
2,3.398932597978631e-16,1,0,1,45,1,1957,0,29
3,3.398932597978631e-16,0,2,1,87,0,1973,0,23
3,-0.44681605079626574,1,0,1,69,0,1972,0,27
4,-1.3235551741043965,1,3,3,84,0,1970,0,29
2,-1.0213118808497286,1,3,1,30,0,1983,0,29
2,-0.188858173616625,0,1,5,72,1,1960,4,11
2,-0.006811479055042235,1,1,2,37,1,1972,0,16
1,1.2397202113943482,0,3,1,44,0,1951,1,24
4,-0.08449781548201481,0,3,2,32,0,1983,0,18
1,-0.19320262899107385,0,0,2,0,1,1960,0,19
4,-0.8130583103196963,0,0,2,43,1,1959,0,27
2,1.5758782853140683,0,2,2,59,1,1979,0,16
4,0.6487341367475471,0,3,1,68,0,1945,0,17
2,1.6460435753401133,0,3,1,35,0,1959,0,29
0,-1.2783354665509932,1,2,1,94,0,1979,0,24
2,-0.1337349763924352,1,3,4,15,1,1964,0,21
2,0.021217265296240715,0,3,4,56,2,1969,0,14
2,-0.6260598709227202,1,0,2,17,0,1978,0,12
3,1.7330728265508468,0,3,1,18,0,1960,0,12
2,1.183709437265701,0,2,1,46,1,1979,0,23
4,0.7552433652824223,0,0,1,40,0,1991,4,11
3,0.24895081315041467,0,2,3,27,1,1963,4,30
2,1.5919480987421373,0,0,1,95,0,1991,4,13
4,-0.373007024004554,1,3,5,19,0,1980,0,12
2,-0.05483406104357369,1,0,2,27,1,1962,0,21
2,1.8128146042302469,0,3,0,25,0,1970,1,25
1,-0.7198160207777616,1,3,5,74,0,1978,0,14
1,-0.9906204057850737,1,2,2,85,1,1967,0,19
2,-1.4033436663577152,1,2,2,37,0,1969,0,23
3,0.19480862197851978,0,2,4,65,1,1953,0,18
3,-0.9063473144355497,1,0,3,13,0,1967,0,26
3,-1.5158323603541974,2,3,2,63,0,1985,0,21
2,-0.9794556226184794,1,1,1,83,0,1976,0,16
2,2.336251404990456,0,0,0,69,0,1983,1,15
1,0.9122977627974445,0,2,2,87,0,1965,0,14
2,1.2915733884442215,0,0,1,37,0,1984,0,16
3,0.11160996582912823,1,3,2,51,1,1953,0,30
4,3.398932597978631e-16,0,3,3,23,1,1961,0,19
4,1.1873531740313679,1,2,4,72,1,1956,0,29
2,0.5156910302267907,0,3,5,10,1,1952,0,21
3,0.43781783550414294,1,0,5,42,1,1958,0,15
2,1.0038583276783022,0,3,1,10,0,1969,0,26
2,3.398932597978631e-16,0,3,1,96,1,1963,0,20
4,-0.48619643660981826,1,3,5,51,1,1964,0,20
4,0.5148968824701711,0,2,1,21,0,1967,4,15
0,-1.981202945733332,1,1,2,31,0,1976,0,8
4,-0.8500562528633898,2,3,3,61,1,1959,0,19
4,-0.752049076781737,1,0,2,37,1,1973,3,29
4,-0.702484913853885,1,1,2,74,1,1965,0,19
3,1.9106349220162244,0,0,1,46,0,1992,0,10
3,0.614071922899794,0,2,2,4,1,1976,0,23
2,1.5954049772121288,0,3,1,73,0,1962,0,16
4,0.7658008589880723,0,0,3,47,1,1974,0,20
2,-0.47068719806877507,1,2,3,13,0,1988,0,15
2,0.36671825399972185,0,3,3,36,2,1976,0,10
2,-1.308092650137272,1,3,1,47,0,1975,0,10
2,-0.6265270166619082,1,2,1,49,0,1981,0,20
1,-0.7600839834957716,2,3,7,94,1,1973,0,8
3,-0.1099572582677635,0,3,1,65,0,1966,0,30
3,0.34546312286666564,0,3,1,59,2,1953,0,28
2,0.6441093939295854,0,3,4,96,1,1969,4,27
1,-0.2622934838169863,0,2,4,28,1,1972,0,12
2,-0.8307164192610046,1,0,4,12,0,1988,0,29
4,0.4228224572762066,0,2,2,57,1,1952,0,10
2,0.8134497243852533,0,2,1,10,0,1949,4,14
2,-0.09304658250915611,0,0,3,4,1,1958,0,19
2,0.38493693782805577,1,0,1,49,2,1978,0,21
2,0.15958583324374087,0,2,1,3,1,1977,0,22
2,1.324740735926573,0,0,1,64,0,1955,0,20
3,-1.0013647577863989,2,0,1,0,1,1958,0,19
4,0.8594168651213573,0,3,2,20,0,1945,0,11
2,-1.3421475745240807,1,3,4,91,0,1984,0,25
4,1.0373526771780852,0,1,1,9,0,1975,0,17
4,4.91830604920456,0,3,15,98,1,1973,0,27
2,-0.395990594372606,2,2,3,83,1,1966,0,23
2,0.49480961568508497,0,1,1,27,0,1953,3,23
2,0.017433384808817516,0,1,1,63,0,1959,4,20
2,0.7003537409278265,0,0,1,46,0,1988,0,23
2,-1.2084037493945423,1,2,3,84,1,1957,0,26
2,-0.864350912482544,1,2,2,58,1,1965,0,28
2,-1.0856845637098418,1,3,2,78,0,1982,0,19
2,-0.07062358702812975,2,3,1,4,0,1970,0,28
4,0.07372444638097744,1,2,2,17,1,1959,0,25
2,0.005381024737765847,0,0,1,77,1,1967,3,28
4,1.3298793390576416,0,3,1,56,1,1975,0,9
4,1.4891760361207664,0,3,1,79,0,1948,1,12
4,-0.6122323570427539,1,3,2,90,1,1970,0,29
2,-0.6387662350286352,2,2,1,96,1,1959,0,30
1,1.2397202113943482,0,3,1,44,0,1951,1,24
4,-0.014425954603807436,0,3,1,81,1,1976,0,29
1,-1.668215300477339,1,3,3,77,0,1988,0,29
3,0.6949348503532452,0,3,1,21,0,1946,0,21
3,-1.003513628186664,1,3,1,16,0,1984,0,25
0,-1.1075936988777613,0,3,1,80,0,1961,0,30
2,-1.2467097000079623,1,3,1,45,0,1983,0,12
4,-0.9182128162109261,0,0,2,63,1,1970,0,27
2,0.43571567967779673,0,3,2,34,1,1966,0,20
2,1.0328213635079613,0,3,1,14,0,1976,0,15
4,-0.2896215095594872,1,3,2,13,1,1964,0,14
0,-1.2648816692623774,1,2,1,52,0,1978,3,9
4,0.7013814615540402,0,2,1,98,0,1989,0,17
2,-0.6113447801382966,1,3,2,93,0,1988,0,17
2,-0.03787667071104751,1,3,4,38,1,1973,0,14
2,-0.9625916614337908,1,3,2,24,1,1977,0,24
3,0.8269502362477879,0,3,1,80,0,1980,0,29
2,1.3130620924468719,0,3,1,82,0,1954,5,21
2,1.6237607235808433,0,3,1,20,0,1954,0,13
4,-0.2384690511183958,1,0,6,81,1,1973,3,27
2,0.8027053723839281,0,1,3,50,1,1952,4,30
2,1.1194301835534255,0,0,1,60,0,1968,0,24
2,0.5481576591003602,0,1,3,63,1,1978,0,22
4,2.345127174035029,0,2,0,54,0,1977,1,11
4,-0.528893557171606,1,0,2,72,1,1965,0,19
3,-1.5447953961838565,0,0,1,5,0,1984,3,11
2,-1.0442954512177807,1,2,1,88,0,1988,3,24
3,-0.15125294161198705,1,1,6,50,1,1963,0,17
2,-0.3347010733911339,0,3,1,99,1,1966,0,30
2,0.5857161765310793,0,1,5,17,1,1954,3,9
2,-0.27383198357493116,0,2,5,11,1,1956,0,15
2,1.2151950600869756,0,2,1,18,0,1954,0,27
4,-0.3541810507152756,1,3,8,70,1,1968,0,10
3,-0.27770929321019194,1,2,10,21,1,1974,0,13
2,0.8872120366030463,0,3,1,66,0,1985,0,17
2,-0.4912416105930492,1,3,6,79,0,1977,0,28
1,0.011033488181941243,2,0,1,2,1,1978,0,29
3,1.4869804511465825,0,3,1,81,0,1948,4,23
3,-0.34605271485340355,0,1,2,24,1,1954,0,20
2,0.8198029064382107,1,2,2,48,0,1980,0,11
1,-0.3155480980844239,1,2,1,93,0,1988,0,28
2,0.9577043286465229,0,3,1,56,0,1969,0,23
4,1.1988449592153938,0,2,2,3,2,1970,0,28
4,-0.9916014118373687,1,3,4,44,0,1980,0,13
2,0.5572202864406083,0,1,5,38,1,1962,0,9
2,-0.464707732607168,1,2,4,46,0,1978,0,15
2,-0.02755274987499162,0,2,2,84,1,1976,0,10
2,-0.019704701456632393,0,1,3,27,1,1952,0,12
4,1.3066621958199955,0,3,1,72,0,1972,0,8
4,-0.8239895206166966,1,2,1,66,0,1986,0,26
2,-0.6955244423399831,1,0,9,30,1,1966,0,15
1,1.4021934994839516,0,1,1,2,1,1962,5,13
2,-0.6245182899833996,1,2,1,65,0,1971,0,17
2,-1.724973507788687,0,0,1,37,0,1951,0,28
4,0.5038722430253331,0,3,3,89,1,1965,0,15
1,-1.3896095816255865,1,3,2,49,0,1975,0,24
3,-1.3219201640172382,1,2,1,46,0,1982,0,24
4,1.2987674328277174,0,0,1,32,1,1958,0,22
2,-2.0768743931190445,1,0,4,54,0,1973,0,24
2,1.0041853296957337,0,1,1,98,0,1968,4,22
2,0.6073917388294048,0,2,2,97,1,1958,0,12
2,-1.3619545538656541,1,0,1,75,0,1971,0,19
2,1.0150231108448966,0,3,1,8,0,1990,1,23
2,0.4258121900070101,0,3,7,37,1,1958,0,8
4,-0.9470357083188288,1,3,2,31,1,1964,0,30
2,1.3161919688994317,1,3,2,40,0,1972,1,17
2,1.077620639896095,0,3,2,74,1,1953,0,13
4,0.7281489124095155,0,3,1,90,0,1988,0,8
3,0.6174353722219479,0,2,4,57,1,1969,0,10
3,-0.9716075742001201,1,0,2,59,0,1975,0,21
2,-1.0286927835288997,1,0,2,52,0,1985,0,22
2,2.3699793273598333,0,1,1,5,0,1974,1,16
1,-1.1897646344009392,0,2,2,92,0,1958,0,9
2,1.1091529772912885,1,2,5,77,1,1967,0,8
4,-0.9838000779929282,1,0,2,35,0,1974,0,10
4,0.5317608436548596,0,2,3,48,1,1961,4,10
2,-0.27887715755816206,0,0,4,97,1,1964,0,10
2,-1.5536244506545107,1,0,4,95,1,1964,0,18
4,-0.5242220997797254,2,0,1,24,1,1957,0,24
2,-1.7131080060133106,1,1,2,60,0,1979,3,10
4,0.8275575257087324,0,1,3,46,2,1968,0,17
3,-0.3643648278295751,1,3,4,85,0,1970,0,30
4,-0.6653001130145163,1,3,1,31,0,1978,0,11
3,-0.38225650964047736,1,2,6,9,1,1952,0,14
3,-0.6437179798640285,1,3,4,30,1,1966,0,15
2,1.3157248231602436,0,3,1,47,0,1963,3,30
4,-0.6475485749253704,1,3,4,70,1,1970,3,10
2,0.9801273241275492,0,3,1,13,0,1970,0,18
2,-1.396243051122057,1,2,2,11,0,1970,0,22
2,0.8085446941237787,0,0,2,31,0,1953,0,9
3,-0.9422708217791107,1,0,3,15,0,1983,0,27
4,0.46463200093353696,0,2,2,2,1,1975,0,26
2,-1.0577959630803153,1,3,4,55,1,1960,0,28
2,-0.8679946492482109,1,1,3,38,1,1963,0,14
4,0.6705498427676291,0,2,2,86,1,1963,0,21
2,0.4089949433962403,0,0,2,56,0,1956,0,13
3,1.2109907484342832,0,2,1,29,0,1981,0,28
4,0.8365734384750617,0,0,1,30,0,1986,1,16
3,0.5550714160403433,0,1,1,64,1,1968,0,16
0,-1.283660927977737,1,3,3,46,0,1981,0,14
2,-0.02755274987499162,0,2,2,84,1,1976,0,10
2,-0.6632913863360077,0,2,2,20,0,1946,0,8
4,0.6391109345202733,0,2,1,74,1,1974,0,27
3,-0.3568904960025663,1,3,2,18,1,1975,0,28
2,-0.996319583803168,1,3,1,75,0,1974,0,19
2,1.089345997949715,0,2,1,17,0,1952,0,13
3,-0.04955531419074873,1,2,13,88,1,1956,0,13
2,1.3074096290026964,0,1,1,19,0,1966,0,29
3,-0.7727903476016864,0,1,3,62,0,1949,0,18
1,-0.9130274985059388,0,2,1,11,0,1984,3,19
2,-0.635215927410806,1,2,3,74,0,1969,0,24
2,1.4265785070695678,0,3,1,32,0,1980,5,10
2,-1.6505571915360309,2,2,3,76,0,1971,0,25
2,-1.041118860191302,1,2,1,6,1,1965,0,15
3,0.1864934278209725,0,2,3,62,1,1952,2,8
1,-0.7740983556714129,1,1,1,20,0,1988,0,15
3,-0.4471897673876162,1,2,1,43,0,1986,0,13
2,0.7786473668157436,0,0,1,45,0,1982,0,13
4,0.2781007072757489,0,1,5,34,1,1965,4,27
2,-0.7807318251678833,1,1,4,53,1,1958,0,28
1,0.3205642549679426,0,2,1,44,1,1956,0,22
4,-0.26075190287766575,1,3,1,89,0,1978,0,27
2,-0.5704695279593424,1,0,3,43,0,1988,0,28
2,-1.3072050732328147,1,2,3,68,0,1984,0,24
3,1.3543110612171767,0,3,1,44,0,1961,1,15
2,-1.164165047893434,0,1,1,64,0,1966,0,9
2,1.191137054518791,0,0,1,85,0,1947,5,27
3,0.5671704906853138,0,3,1,93,1,1964,4,21
3,-0.4339228283946756,0,2,1,12,0,1992,0,16
2,-1.8399847887767848,1,1,4,86,0,1976,0,25
2,-1.3726989058669792,2,3,2,28,1,1967,0,22
2,3.398932597978631e-16,0,3,1,69,0,1989,1,18
3,0.8845025913157556,0,0,1,42,0,1976,0,14
2,0.1046027797413075,1,3,6,13,1,1966,0,24
3,-1.0800321002656663,1,2,2,86,1,1956,0,27
2,-0.5436553625299483,1,3,2,59,1,1972,0,19
2,0.679425611812202,1,0,2,30,0,1985,0,8
2,-0.9868832398715693,1,3,2,33,1,1951,0,19
2,3.398932597978631e-16,1,0,6,67,2,1970,1,20
2,0.5996371195588832,0,3,3,23,1,1971,0,13
2,-0.8192713486508973,1,3,1,81,0,1974,0,19
4,-0.23048085897828016,1,1,1,6,1,1965,0,26
4,0.5776812698170448,0,1,5,41,1,1961,0,14
2,-0.5369751784595592,0,0,6,78,1,1953,0,13
2,0.47780551077864,0,3,1,49,0,1957,0,19
4,-1.7335689893897472,1,1,3,39,0,1976,0,19
2,-1.1540279853530533,1,3,1,3,0,1984,0,23
4,0.11553399003830785,2,3,1,37,1,1950,0,17
4,-1.0258431945198527,1,0,4,22,0,1986,0,14
2,-1.3027204741366094,1,0,1,79,0,1983,0,16
4,-0.8391250425663894,0,0,1,46,0,1989,0,21
4,0.671530848819924,0,3,2,82,1,1956,0,16
3,-0.783908416194362,1,3,1,10,0,1971,3,13
2,-1.3990459255571852,1,2,2,51,0,1983,0,18
2,0.47859965853525965,0,1,1,38,2,1960,0,9
2,1.1087325461260191,0,1,1,10,0,1968,1,12
2,-0.9942641425507406,1,3,1,14,0,1972,0,11
2,1.4502160814724832,0,2,1,18,0,1965,5,15
2,0.7799553748854702,0,0,1,95,0,1988,0,8
2,-0.49273647695845096,0,1,1,11,0,1986,0,24
4,0.15197135769497566,0,3,3,65,1,1969,2,11
4,0.34256681928369975,0,2,2,71,1,1950,0,18
0,-1.1570644326577757,1,2,1,13,0,1973,3,20
2,1.4324645433833372,0,1,1,58,0,1952,0,23
2,-0.35777807290702357,1,3,2,65,1,1965,0,18
2,1.5357971808917337,0,1,1,0,0,1970,0,30
2,-1.0084186584481385,1,1,3,33,1,1971,0,12
3,-0.8771974203102154,1,3,1,90,0,1976,3,25
2,0.8947797975778926,0,3,4,95,1,1957,0,24
2,0.9339733250957699,1,3,2,93,0,1986,3,13
4,0.8315282644918308,0,0,3,38,0,1966,0,22
2,0.9408403674618343,0,3,1,18,0,1974,0,10
4,0.3756407376182136,0,0,5,57,1,1976,0,12
2,-0.622042417565703,1,0,2,45,1,1978,0,23
2,-0.057076360591676326,0,3,1,61,1,1955,4,17
4,0.7709394621191408,0,3,1,6,0,1969,0,12
3,0.6126237711083109,0,3,1,65,0,1943,0,20
4,-0.24655067240634906,0,2,2,52,2,1948,0,22
2,1.2453726748385234,0,3,1,87,0,1957,4,9
4,0.47780551077864,0,1,3,38,1,1969,0,27
2,-1.0985777861114319,2,3,3,53,0,1978,0,26
4,-0.6653001130145163,1,3,1,31,0,1978,0,11
2,-0.02241414674392308,1,3,7,67,1,1967,0,12
2,0.13286509696218446,0,0,2,65,1,1969,0,8
2,1.2879763662524737,0,3,1,64,0,1960,0,17
2,-0.9503524430670639,1,1,2,82,0,1976,0,15
2,0.9373834889918428,0,2,1,27,0,1962,0,11
4,0.030606894653920504,0,0,2,63,1,1975,0,12
1,-0.7602708417914468,1,3,1,66,0,1984,0,28
2,-0.1766189552498981,1,3,6,69,1,1975,0,10
3,-1.0469114673572337,1,0,1,52,0,1970,3,20
2,0.5536232642488603,0,0,4,45,1,1966,4,11
4,-0.6250788648704253,1,0,3,2,1,1972,0,18
3,-0.27378526900101235,1,0,4,86,1,1975,0,8
2,-1.3721850455538722,0,0,1,23,0,1970,3,15
2,-1.0127631138225872,1,0,1,13,0,1989,0,12
4,0.675828589620454,0,2,2,14,1,1961,0,22
2,-0.9873971001846762,1,0,1,92,0,1969,0,18
4,-0.8585115907426935,2,3,1,38,0,1969,0,13
2,-1.4935962231688462,1,3,1,74,0,1985,0,23
2,-1.1462733660825317,0,1,3,14,0,1954,0,12
1,-0.7600839834957716,2,3,7,94,1,1973,0,8
3,-0.7388288523627152,1,0,1,33,0,1981,0,27
2,-1.948642887711925,1,0,3,32,0,1971,0,17
3,-0.38136893273602007,0,2,3,11,1,1968,4,22
2,0.533582712037693,0,2,4,78,1,1960,0,10
2,-0.613633794260318,0,2,1,56,1,1949,0,8
4,1.4810944148328131,1,1,3,57,1,1968,0,17
2,1.7910923273580026,0,2,0,7,0,1979,5,25
3,0.4923804578413071,1,2,2,0,0,1979,0,24
2,1.0433321426396922,0,0,1,66,0,1993,0,29
4,-0.04422985276400497,0,3,1,86,0,1946,0,16
3,0.8790837007411741,0,3,3,80,1,1968,0,26
4,0.7812166683812779,0,2,1,56,0,1991,0,22
2,-0.3800142100923747,1,3,4,18,1,1971,0,9
2,-1.71039856072602,1,2,2,51,0,1984,0,8
2,-1.3321506557054565,1,0,1,71,0,1987,0,12
1,-1.749171657078628,1,2,4,71,0,1980,0,11
1,-0.960629649329201,1,1,4,80,1,1956,0,15
2,1.0892525688018775,0,2,1,2,0,1965,0,9
2,-0.44779705684856064,1,0,5,83,1,1974,0,20
2,-1.0021121909690998,0,2,1,29,0,1960,0,15
4,0.1664061610358864,1,0,9,11,2,1955,4,22
2,-0.18465386196393255,1,3,1,55,1,1965,0,30
4,-1.155989997457643,1,0,3,19,0,1972,0,8
4,0.6469589829386325,1,1,3,1,1,1971,0,29
4,-1.0093996645004333,1,2,1,19,0,1974,0,18
2,-0.0710907327673178,0,3,3,28,2,1963,0,10
1,-1.3240223198435845,1,0,2,76,0,1982,0,11
2,0.08871982460891381,0,3,4,50,1,1976,0,11
4,0.6776504580032874,0,3,3,1,1,1955,1,15
2,-0.23524574551799826,1,0,3,90,0,1987,0,8
2,1.0797227957224413,0,2,2,83,1,1962,0,13
4,1.1167674528400535,0,3,1,73,0,1943,0,27
1,-1.5027989942308508,1,2,3,24,0,1975,3,23
2,1.3161919688994317,0,2,1,11,0,1994,1,26
2,1.8268289764058883,0,0,1,33,0,1981,1,14
3,-0.11462871565964398,1,3,9,4,1,1971,0,15
4,-0.6800619183728587,1,3,2,14,0,1973,0,29
2,-1.0213118808497286,1,3,1,30,0,1983,0,29
3,-1.5633877966035408,1,2,1,75,0,1982,0,30
3,1.430642675000504,0,3,1,26,0,1974,4,18
4,1.9184829704345836,0,3,0,77,0,1941,5,16
2,-0.1528879516991452,1,3,1,8,2,1953,0,24
2,1.9130173652860833,0,3,1,42,0,1986,1,28
2,1.09658675690713,1,3,2,28,0,1989,1,28
1,-1.941215270458835,1,2,2,52,0,1989,0,29
2,0.43702368774752326,0,3,2,1,1,1968,0,16
4,1.5371986181092978,0,0,1,1,0,1961,1,17
2,-0.4471430528136974,1,3,5,42,0,1989,0,10
1,0.7170775583907587,1,2,15,76,1,1967,0,13
2,1.0873839858451253,0,3,1,27,1,1964,0,23
2,-1.0250957613371519,1,0,2,28,0,1970,0,26
3,-0.04745315836440251,0,2,1,49,1,1956,0,18
2,0.7153491191557629,0,1,3,12,1,1966,0,24
3,-0.02007841804798283,0,1,2,14,1,1949,0,21
4,-0.9318534717952172,1,3,3,89,0,1971,0,20
1,-2.0768743931190445,1,3,2,96,0,1986,0,14
2,-1.0869458572056494,1,3,1,56,0,1989,0,19
4,0.19919979192688744,0,3,2,72,1,1948,0,24
2,-1.5816999095797124,0,3,1,14,0,1946,0,20
2,-1.0127631138225872,1,0,1,13,0,1989,0,12
1,-1.4868693245245383,0,3,1,99,0,1974,0,27
2,-1.339017698071521,0,1,1,72,0,1959,0,19
3,-0.43635198623845345,1,1,2,92,0,1972,0,22
2,1.3681385750971429,0,0,1,87,0,1964,1,24
2,-1.3048226299629557,1,3,2,7,0,1976,0,18
4,0.17509507178478412,0,3,2,91,1,1953,0,24
2,0.2802962922499328,0,0,5,71,1,1955,0,17
2,0.22596724278236266,0,3,3,24,1,1969,0,14
3,-0.7347646844317792,1,0,1,17,0,1971,0,22
1,0.8815128585849521,1,3,2,87,1,1980,0,24
2,0.6555077499657739,0,3,3,21,1,1976,0,9
2,-0.6059258895637153,1,3,7,90,2,1972,0,8
1,1.7570841175451126,0,0,1,44,0,1966,1,9
3,-0.45555167611908226,1,3,4,71,0,1984,3,16
2,-0.07749062939419407,0,3,2,52,1,1952,0,29
1,0.6869466582131296,0,2,1,78,0,1982,0,9
2,0.4035293382477401,0,3,4,2,1,1964,1,25
2,0.8504943815028656,0,1,1,60,0,1949,0,21
4,-0.067213423132057,0,1,2,25,1,1958,0,25
2,1.3157248231602436,0,3,1,47,0,1963,3,30
2,-0.8771039911623778,1,3,2,46,0,1975,0,26
4,0.6831160631517875,0,0,1,83,0,1969,0,27
4,1.0885518501930955,0,2,1,17,0,1955,4,16
2,-0.9379730809785807,1,1,1,13,0,1970,0,10
2,0.08554323358243508,0,3,3,86,2,1951,0,27
4,-0.12565335510448195,1,2,3,92,0,1971,0,8
2,0.44365715724399357,0,3,4,47,1,1975,0,15
2,-0.6798283455032647,1,3,1,18,0,1980,0,22
4,0.23255399770491417,1,2,7,81,0,1981,4,8
2,-0.6326933404191905,1,3,2,91,1,1978,0,13
2,-1.4687440698440422,1,0,1,58,0,1988,0,29
2,0.4925673161369823,0,3,4,40,1,1956,0,14
4,-0.48185198123536943,1,0,2,67,1,1972,0,29
3,0.18140153926382277,0,3,1,19,1,1977,0,29
4,0.4695370311950115,0,3,4,93,1,1972,0,10
2,-0.506143559673148,1,3,7,41,0,1977,0,10
3,-0.607187183059523,1,3,1,60,0,1973,0,24
3,-0.6632913863360077,1,1,1,54,0,1972,0,20
2,-0.9214828363852425,1,0,2,26,0,1974,3,8
2,-0.41584428828809805,0,3,4,30,1,1975,0,22
3,1.4571298384124662,0,2,1,93,0,1960,0,10
4,1.255042591639716,0,1,1,35,0,1964,0,9
3,0.614071922899794,0,2,2,4,1,1976,0,23
2,0.3799851929926625,0,3,2,92,1,1974,0,18
2,-1.7711275068204664,1,3,1,24,0,1969,0,25
1,-1.09787706750265,0,1,1,96,0,1952,0,10
4,1.2609753425274044,0,2,2,11,1,1958,0,9
2,-0.26388177933022566,1,1,2,99,0,1976,0,12
2,1.1233074931886864,0,2,1,72,0,1955,1,14
3,0.29659967854759567,0,0,4,77,1,1964,0,13
4,0.17075061641033526,0,1,1,85,0,1944,4,23
3,0.3491068596323324,0,1,3,88,1,1962,0,16
2,0.1683681731404762,0,1,1,22,1,1978,0,28
4,1.246493824612575,0,2,1,83,1,1971,0,16
4,0.7451997318898793,0,2,3,63,1,1949,0,29
2,0.6220601150399095,0,3,1,9,0,1944,0,16
2,-1.1564571431968311,1,2,2,92,1,1950,0,8
3,-0.16951834001423977,0,2,1,2,1,1961,0,23
0,-1.2930505573354167,0,3,1,6,0,1990,0,12
4,0.5790827070346091,1,3,2,66,0,1985,0,8
3,-0.04745315836440251,0,2,1,49,1,1956,0,18
2,0.07914333695555881,0,1,2,29,0,1953,0,11
2,0.6402787988682435,0,3,1,77,1,1976,0,24
2,1.3667838524534974,0,0,1,77,0,1989,0,19
2,-0.7952600576566317,0,3,1,71,0,1992,0,18
2,0.43403395501671976,0,1,6,49,1,1959,0,12
4,-0.5743001230206843,1,2,3,97,0,1981,3,17
2,0.38274135285387195,0,0,1,6,1,1979,0,15
2,-0.14195674140214487,0,3,3,93,2,1964,4,22
3,1.7359691301338127,0,2,1,78,0,1959,5,27
4,-0.36599983791673324,0,2,4,62,1,1946,0,17
3,1.3645415529053948,0,0,1,47,0,1975,0,16
2,-0.7248144801870738,1,3,4,9,1,1961,0,14
2,-1.208216891098867,1,0,1,77,0,1990,0,18
2,0.9066452993532691,0,2,1,24,0,1959,0,20
3,1.3185276975953721,0,3,1,19,0,1944,1,27
2,-0.9963662983770868,1,1,2,67,1,1965,0,25
3,1.004138615121815,0,0,1,95,0,1987,3,27
2,-0.43294182234238066,0,3,1,48,0,1991,0,20
2,0.8662839074874217,0,3,1,73,0,1953,4,9
2,-1.2339099067542099,1,3,3,35,0,1987,0,9
2,-0.8912585070597757,1,3,1,76,0,1986,0,12
4,1.2101031715298258,0,2,1,20,0,1958,0,23
3,-0.07501475697649741,0,3,1,72,0,1977,0,30
2,0.46154883905489585,0,0,1,20,0,1964,0,8
4,-0.1310255311051445,1,3,6,69,1,1960,0,23
1,-0.19978938391362536,0,1,4,80,1,1975,0,14
2,0.9679348203347411,0,0,1,65,1,1969,0,21
3,0.2800627193803388,1,2,7,52,1,1977,4,30
2,0.6239754125705805,1,3,2,65,1,1962,0,16
2,-1.0927384643715814,1,0,2,57,0,1982,0,18
3,-0.21520519330683097,0,2,4,70,1,1951,0,16
2,-0.3283011767642577,0,2,1,0,1,1967,0,25
2,1.1689476319073586,0,1,1,19,0,1967,5,26
1,0.24703551561974368,0,2,2,50,1,1952,0,20
3,-1.3554145135170212,1,0,3,67,0,1981,0,24
1,-1.244654258755535,1,2,3,46,0,1977,0,23
2,-0.3887031208412724,0,1,2,37,1,1969,0,8
4,-0.43205424543792337,1,0,2,38,0,1984,0,11
4,1.5046852746618096,0,3,1,9,0,1982,4,20
2,0.0980627393926748,0,2,2,56,1,1976,0,18
1,-1.2741778694722197,1,3,2,98,0,1990,0,27
2,1.5724681214179956,0,1,1,68,0,1964,0,25
2,-0.19194133549526612,1,3,1,72,0,1980,0,24
2,-1.5156455020585222,1,3,4,47,1,1968,3,25
3,-1.1585125844492585,1,3,2,33,1,1973,0,27
1,-0.5797657281691845,1,0,2,87,1,1963,0,27
2,-1.4240849371776645,1,0,2,0,0,1989,3,28
4,0.3991848828732913,0,0,2,73,1,1971,0,26
2,-1.379939664824394,0,3,1,74,0,1963,0,16
3,1.3892535625084428,0,3,1,4,0,1949,0,23
2,-0.39692488585098207,1,2,6,50,1,1952,0,9
4,0.13646211915393244,1,0,2,57,0,1978,0,15
2,1.3056344751937818,0,3,1,30,0,1982,5,16
1,-1.711799997943584,0,3,2,27,0,1970,0,20
2,1.672951169917345,0,2,1,61,1,1959,1,17
2,-0.8838308898066858,1,3,1,4,0,1978,0,21
2,1.3912622891869513,0,0,0,75,0,1980,0,18
3,0.9128116231105513,0,2,2,12,1,1971,0,18
1,0.4908388769019865,0,3,5,13,1,1970,0,25
4,-0.14760920484632026,0,1,3,9,1,1963,0,23
4,0.009258334373026656,0,2,2,48,1,1950,0,30
2,0.6823219153951678,0,0,4,80,1,1962,0,12
3,-1.0585901108369349,1,2,1,60,1,1951,0,21
2,-0.1993689527483561,0,0,1,43,1,1979,0,19
2,-0.6427369738117336,1,2,1,19,1,1970,0,12
2,-0.32559173147696696,0,3,5,26,1,1974,0,9
4,-0.6313853323494639,1,3,2,58,1,1968,0,25
1,-0.6243781462616432,1,0,3,42,0,1978,0,21
4,0.5817921523218997,0,2,1,27,1,1970,0,20
3,-0.7007097600449704,1,3,2,56,0,1981,0,22
4,0.46888302716014824,0,3,3,27,1,1977,1,13
2,-0.03138334493633362,1,3,3,10,1,1968,0,28
2,-1.8077984473467281,1,3,4,48,1,1970,0,20
4,-0.20959944443657438,1,2,2,39,1,1966,0,21
3,0.12352218217842348,1,2,6,85,1,1956,0,19
4,-0.3154079543626675,1,3,5,64,1,1974,4,11
2,-0.5264643993278281,0,2,7,69,1,1951,0,15
1,-0.19329605813891146,1,2,1,54,1,1967,0,22
3,-1.1449186434388865,0,3,1,57,0,1951,0,16
2,-0.584203612691471,1,2,2,64,0,1983,0,28
1,-1.1729473877901693,1,2,4,10,1,1971,0,28
2,1.300589301210551,0,1,1,65,0,1955,1,9
3,0.45944668322854965,0,3,2,74,1,1961,0,21
2,0.08895339747850785,0,2,3,4,1,1955,4,29
2,-1.2957600026227074,0,2,1,94,0,1959,0,20
4,-0.573412546116227,1,0,2,41,0,1984,0,10
3,1.8781215785687362,0,3,0,25,0,1975,1,12
3,0.8372741570838438,0,0,1,94,0,1965,0,23
2,-0.8773375640319718,1,2,1,9,0,1977,0,25
4,0.37437944412240587,0,3,1,47,0,1972,0,21
3,-1.6116439514616663,1,2,3,12,0,1975,0,21
2,-1.3102882351114558,1,1,1,80,0,1969,0,10
3,-0.45732682992799684,1,3,2,20,1,1969,0,22
1,-1.2021907110633412,1,3,3,39,0,1978,0,18
2,-0.9749243089483554,1,2,3,57,0,1981,0,8
2,-1.0220125994585108,0,0,1,27,1,1961,0,14
2,0.5067685466082991,0,2,3,83,1,1960,0,8
2,0.9785390286143099,0,0,1,79,0,1955,0,21
4,0.4441710175571004,0,3,3,69,2,1948,0,12
3,-0.10934996880681902,1,2,4,77,1,1966,0,13
3,-1.4047451035752794,1,0,4,15,0,1986,0,12
2,-0.4451810407091076,0,1,2,99,1,1973,0,26
2,-1.2056475895333327,2,1,1,61,1,1956,0,15
0,-0.9883781062369711,0,3,2,23,1,1975,0,10
2,1.3644948383314761,0,3,1,84,0,1965,1,29
3,-1.1716860942943617,0,0,2,74,0,1969,0,20
3,-0.3247975837203473,0,1,1,90,0,1944,0,19
0,-1.5406845136790017,1,3,1,41,0,1973,0,12
2,-1.3726989058669792,2,3,2,28,1,1967,0,22
4,-0.1737226516669322,0,0,3,73,0,1969,0,11
2,-0.2859777727938204,1,3,5,88,1,1974,0,19
3,-0.7552723823821346,2,0,2,94,1,1965,0,17
4,5.159072963182081,1,2,0,31,1,1976,0,18
2,0.10292105508023051,1,1,1,31,1,1978,0,15
3,-1.0014114723603178,0,3,5,6,1,1960,0,8
4,0.11665513981235916,0,3,3,23,1,1961,0,19
2,-0.9495582953104442,0,0,1,92,0,1971,0,19
2,0.9501365676716764,0,1,1,52,0,1949,4,27
1,-0.6999623268622696,1,0,1,50,0,1978,0,24
1,0.9658793790823137,0,3,1,54,0,1955,1,18
2,-1.7907943424402832,1,3,2,93,0,1976,0,13
2,1.5059465681576174,0,0,1,56,1,1975,0,18
2,0.8881463280814224,0,2,7,28,1,1960,0,9
4,-0.8161881867722562,1,1,3,94,1,1977,0,9
2,-1.0833021204399826,1,0,3,76,0,1977,0,12
4,0.7999959270966375,1,3,2,43,0,1970,0,23
4,0.632010319284615,0,2,1,46,0,1958,0,30
1,0.4908388769019865,0,3,5,13,1,1970,0,25
1,-0.9221835549940246,0,0,1,27,0,1960,3,26
2,1.4929132020342708,0,0,1,12,0,1973,0,16
2,-0.27359841070533714,2,1,1,3,1,1962,0,27
2,1.5236046770989256,0,0,1,72,0,1952,0,18
2,0.19723777982229765,0,3,1,6,1,1962,0,13
3,0.5213902082448849,0,1,5,53,1,1950,0,9
2,1.0152099691405718,0,3,2,58,1,1971,3,23
2,0.533582712037693,0,2,4,78,1,1960,0,10
4,1.129613960667725,0,2,1,57,0,1948,0,29
4,0.5091977044520769,0,1,4,37,1,1959,0,12
2,-0.2827544671934229,0,0,2,20,1,1964,3,17
3,1.1993121049545818,0,2,1,73,0,1947,4,15
4,-0.25673444952064856,1,3,7,56,1,1971,0,20
2,2.499799128280192,0,2,0,36,0,1970,1,13
3,0.155241377869292,1,1,1,9,0,1970,0,24
3,1.2496704156390537,0,3,3,42,1,1977,0,29
2,0.6973172936231042,0,2,2,28,1,1958,0,21
3,2.187091770467712,0,0,0,23,0,1960,4,26
2,-1.067699452751102,1,2,2,38,0,1985,0,8
2,0.7234307404437162,0,3,5,63,1,1974,0,8
4,-0.06272882403585171,0,2,1,71,1,1950,0,28
2,-0.11808559412963554,0,1,2,9,1,1955,0,8
2,4.763260378368047,0,1,0,81,0,1975,0,26
2,0.4353419630864463,0,2,2,87,1,1953,0,25
1,-1.1897646344009392,0,2,2,92,0,1958,0,9
4,0.985686358423887,0,2,1,36,1,1947,0,20
4,-0.2440747999886524,1,0,4,86,2,1966,3,22
2,0.20060122914445158,0,2,4,83,1,1963,0,12
2,-1.4935962231688462,1,3,1,74,0,1985,0,23
2,0.2976273991738094,0,1,1,87,1,1975,0,24
0,-1.2142897857083117,0,3,1,29,0,1980,0,9
3,-1.7423513292864825,0,2,1,88,0,1956,0,13
2,-1.5541383109676175,0,3,1,77,0,1959,0,12
4,-0.3219012801373814,0,2,1,25,1,1974,0,17
0,-1.4432846270582933,1,0,2,34,0,1987,0,21
4,-1.0637754285419223,1,3,1,43,0,1968,0,17
1,0.1275863501093595,1,3,3,76,1,1971,0,23
4,0.3431273941707254,0,3,3,81,1,1964,0,19
3,0.3404646634573535,0,0,5,87,2,1962,0,23
2,0.6900765346656895,0,1,4,33,1,1970,0,9
2,1.1862787388312352,0,3,2,38,1,1980,0,24
4,0.030606894653920504,0,0,2,63,1,1975,0,12
2,-1.177572130608131,2,3,1,26,0,1974,0,29
4,1.3706611620887583,0,3,3,17,1,1963,1,10
2,0.8585292882169,0,0,1,75,0,1979,0,25
1,-0.7387354232148776,1,3,4,13,0,1985,3,18
4,0.6229944065182856,0,0,1,19,0,1980,0,24
2,0.7548696486910719,0,1,2,51,1,1963,0,22
2,0.784066257390325,0,1,1,81,0,1967,0,8
1,-0.5101142984562465,0,2,1,32,0,1982,0,19
2,-0.6078879016683051,0,2,2,84,1,1955,0,22
2,0.6455108311471496,0,2,1,87,0,1967,0,24
4,0.6781643183163942,0,1,2,99,1,1976,0,15
4,1.6302540493555573,0,0,1,96,0,1972,0,9
4,5.084609932355505,0,3,15,21,0,1982,0,8
4,1.2092623091992873,0,2,1,40,0,1989,1,29
4,0.818308040072809,0,2,1,3,0,1969,0,21
4,-0.06296239690544575,0,1,6,98,1,1960,4,10
2,0.4321186574860488,0,0,1,73,0,1970,0,20
3,-0.4505065021358513,0,2,3,90,1,1958,0,19
0,-1.8160202123564377,0,2,1,29,0,1952,0,23
3,-0.2050214161925315,1,1,3,3,1,1949,0,17
3,0.46547286326407544,0,3,1,94,2,1961,0,19
2,-0.800445375361619,0,0,1,65,0,1995,0,27
4,-1.1884566263312126,1,0,3,33,1,1949,0,16
2,-0.2812596008280211,0,0,2,46,0,1961,0,23
2,1.2383654887507027,0,2,1,29,0,1960,1,28
2,1.2585928992575453,0,1,3,99,1,1973,0,21
2,0.9094481737883974,2,3,2,26,0,1978,0,27
2,0.8905287713512814,0,1,3,30,1,1978,3,26
3,1.7886164549403059,0,0,1,27,0,1988,1,28
3,-0.49628678457628017,1,1,3,24,0,1968,0,24
2,0.9339733250957699,1,3,2,93,0,1986,3,13
4,-0.7603642709392844,1,1,1,34,0,1970,0,30
2,-0.40986482282649106,0,1,2,88,1,1951,0,16
4,0.673446146350595,0,2,3,96,1,1948,3,23
3,-0.783908416194362,1,3,1,10,0,1971,3,13
2,-1.2475972769124195,1,3,1,26,0,1986,0,19
3,0.15374651150389027,0,0,4,49,1,1965,0,10
2,-0.8740208292837367,1,0,2,11,0,1975,0,14
2,0.30080399020028814,0,2,3,44,0,1953,0,17
2,-0.07879863746392061,1,2,3,75,0,1982,0,20
4,1.1519435270009137,0,3,1,64,0,1975,0,12
1,1.6511821784711818,0,1,1,19,0,1960,5,9
2,-1.2196152471350554,1,2,2,45,0,1978,0,14
2,0.3153789372629553,0,1,6,77,1,1970,0,15
2,-0.3176035393368513,1,0,1,9,1,1958,0,27
3,1.067296719060039,0,3,2,1,1,1965,0,12
2,0.33411148140439606,0,3,1,90,0,1954,0,17
4,-1.5402173679398137,1,3,2,43,0,1984,0,29
2,0.9450913936884455,0,3,1,79,0,1965,0,14
2,-2.0768743931190445,1,3,5,19,0,1976,3,8
2,-0.3347010733911339,0,3,1,99,1,1966,0,30
2,1.3283844726922398,0,3,1,62,0,1955,1,23
3,1.076919921287313,0,1,1,41,0,1976,0,25
3,0.23372186205288428,2,3,7,60,1,1965,0,22
2,1.7719860666252114,0,2,1,17,0,1991,5,16
4,-0.7480316234247198,1,1,1,24,1,1949,0,21
4,0.07634046252043052,1,2,8,60,1,1953,0,8
2,0.6733527172027574,1,3,7,57,1,1978,0,18
4,-0.3217144218417062,1,1,5,74,2,1948,0,22
2,1.7627832955632068,1,1,3,22,1,1973,1,22
2,0.9373834889918428,0,3,1,46,0,1949,1,28
2,0.7228234509827718,0,3,2,69,1,1973,0,15
3,0.8682459195920115,0,2,1,29,1,1952,0,30
0,-1.6103359433919398,1,3,1,37,0,1989,0,15
2,0.5102721396522094,0,2,2,26,1,1969,0,8
4,0.5675442072766642,0,0,4,8,1,1953,0,15
3,-0.7949797702131188,1,2,2,26,1,1956,0,15
4,-0.149104071211722,1,0,3,79,2,1950,0,25
1,-0.6192862577044935,1,2,2,71,0,1978,0,20
2,1.413825428389734,0,3,1,83,0,1964,1,25
2,1.489503038138198,0,2,1,57,0,1952,5,17
1,-1.6329457971686414,1,3,3,37,0,1975,0,24
2,0.8971155262738328,0,0,1,30,0,1995,0,27
2,-0.8530927001681121,1,0,1,34,0,1970,3,21
1,0.5421314790648344,0,3,1,0,0,1954,3,25
4,1.4707704939967572,0,2,1,89,0,1972,0,24
4,-0.020592278361089685,0,2,2,92,1,1958,0,22
2,0.2976273991738094,0,1,1,87,1,1975,0,24
2,1.3544044903650143,0,3,1,20,0,1969,1,14
2,1.1000436353771215,0,2,1,56,0,1979,0,29
1,0.5557254200752065,0,2,1,28,0,1978,0,14
4,0.4793470917179605,0,2,5,55,1,1972,0,8
2,0.3061294516270319,0,3,5,25,1,1964,0,21
3,-0.5277256928236359,1,3,2,0,0,1979,0,15
4,-0.6133535068168052,0,3,1,86,1,1959,0,28
1,-0.7677918881923743,1,3,2,8,0,1981,0,22
2,1.2700379698676525,1,0,2,33,1,1967,0,28
3,1.2298167217235616,0,3,1,13,0,1988,0,22
4,-0.949838582753957,1,0,1,12,0,1978,3,17
2,1.0822920972879755,0,0,1,92,0,1952,0,29
2,-0.15101936874239302,0,3,3,90,1,1955,0,16
2,1.0756586277915052,0,3,1,8,0,1977,0,9
2,0.7227300218349342,0,2,1,6,0,1987,0,9
1,-0.23674061188340004,0,3,1,91,1,1965,0,21
3,0.4717793307431141,0,3,4,52,1,1956,0,17
2,0.9391586428007573,0,3,2,3,1,1979,0,19
4,1.2603680530664598,0,3,1,57,0,1951,0,24
2,-0.4315870996987353,1,0,8,9,1,1965,0,16
2,-0.8565962932120225,1,3,3,22,1,1972,0,16
4,-2.1079395847750497,0,2,0,76,1,1957,0,12
2,-0.49082117942778,1,2,1,86,1,1953,0,15
4,-0.5231476645795929,0,0,2,64,1,1965,0,20
4,1.0413234159611837,0,2,1,90,0,1958,0,25
3,-0.038997820485098825,1,0,2,79,1,1955,0,24
2,0.9482679847149242,0,0,2,28,1,1971,0,21
4,0.9112700421712308,0,0,1,86,0,1974,0,28
2,-0.7322888120140826,1,2,2,42,1,1976,0,28
2,-1.4655207642436445,1,0,1,39,0,1970,0,29
2,-1.003980773925852,1,3,1,8,0,1972,0,27
2,-0.951520307415034,1,2,1,40,0,1972,0,18
0,-1.4730885252184909,1,3,2,5,0,1986,0,10
3,-1.6263590422460898,1,2,5,96,1,1960,0,26
4,-0.4388745732300689,0,1,6,28,1,1968,3,13
3,-0.3819295076230457,1,3,6,22,0,1978,3,29
2,-0.5222133731012168,0,1,4,30,1,1976,0,9
3,0.5086371295650512,0,2,1,45,0,1945,0,13
4,1.4041555115885413,0,3,1,58,0,1957,1,11
2,-1.6418215662132143,0,0,1,49,0,1950,3,19
2,-0.03231763641470972,1,3,4,37,1,1978,0,22
2,-0.2538848605116014,0,0,2,70,1,1961,0,16
3,-0.3165291041367188,0,0,1,33,0,1962,4,13
4,0.8624533124260796,0,3,3,98,1,1954,0,30
1,0.3831617840191412,0,1,3,17,1,1965,0,10
2,1.0261878940114908,0,2,1,54,0,1973,0,15
2,-1.5242876982335012,1,3,3,39,0,1968,0,24
3,0.4630904199942164,0,3,4,81,1,1970,0,24
2,-0.23239615650895118,1,1,1,71,1,1956,0,15
2,-0.7997913713267557,1,3,3,62,1,1951,0,13
4,1.4368089987577861,0,0,1,8,0,1944,0,23
2,-0.17596495121503483,0,3,3,76,0,1958,1,16
3,-0.10640695064993431,0,3,6,66,2,1976,0,23
3,0.22848982977397814,0,3,1,83,1,1971,0,27
2,0.15454065926050994,0,3,4,28,1,1957,0,22
2,0.3600380699293328,1,3,7,87,1,1972,4,15
2,0.9597597698989503,0,0,2,43,1,1972,0,16
2,-1.1719196671639556,0,3,1,0,0,1981,0,22
2,-1.4294571131783271,1,0,2,1,0,1972,0,16
2,0.9908716761288744,0,0,1,1,0,1975,0,29
3,0.036960076706877974,0,3,6,72,1,1955,0,14
4,1.862098479714586,0,2,0,72,0,1986,0,23
4,0.6544333147656414,0,2,2,12,1,1970,0,29
2,-0.9897328288806164,1,3,1,89,1,1976,0,27
2,-1.3758287823195392,0,0,3,67,0,1954,0,11
2,0.6412130903466196,0,3,1,54,1,1972,0,27
1,-1.2218108321092394,1,3,2,34,0,1978,0,21
4,1.14232032477364,0,0,1,15,0,1980,1,17
2,-1.3965700531394885,1,3,2,43,0,1972,0,20
2,0.2397480420884101,0,0,1,0,0,1961,2,30
2,-1.379939664824394,0,3,1,74,0,1963,0,16
2,1.672951169917345,0,2,1,61,1,1959,1,17
1,1.2329933127500403,0,1,1,51,1,1959,0,16
2,1.936094364801973,1,3,3,97,2,1954,4,17
2,-0.658666643518046,1,1,2,75,2,1962,0,13
4,1.3564132170435228,0,1,1,83,1,1958,0,17
2,-1.6550885052061548,1,2,1,23,0,1984,0,27
4,0.16131427247873667,1,1,1,65,1,1976,0,23
2,-0.1480763505855083,0,0,1,94,0,1992,0,9
4,0.21564332194630678,0,2,3,42,2,1967,0,17
1,-1.253296454930514,1,2,2,10,0,1980,0,22
2,-0.7716224832537163,1,3,2,94,1,1967,0,14
2,0.9077664491273204,0,3,5,50,1,1956,0,15
3,-0.11514257597275084,1,0,2,46,0,1972,0,16
2,1.389440420804118,0,1,1,98,0,1980,0,9
1,-0.2835486149500426,0,0,1,42,1,1980,0,19
2,0.21811919436400343,0,0,2,30,1,1977,3,27
2,-0.8377236053488253,1,2,3,11,1,1950,0,20
2,-0.5563617266358633,0,3,3,61,1,1974,0,11
2,-0.8307164192610046,1,0,4,12,0,1988,0,29
2,-1.5200833865808088,1,3,4,76,0,1981,0,11
1,1.4269055090869995,0,3,1,2,0,1960,0,19
2,1.3662232775664718,0,2,1,43,0,1970,2,25
1,0.45122491821884,0,0,2,27,0,1991,0,9
3,0.15533480701712962,0,0,3,60,1,1956,0,12
2,-0.09243929304821165,0,0,2,79,1,1963,0,22
2,-1.7231516394058537,2,3,4,96,0,1980,0,17
2,-0.13046495621811885,0,0,2,17,1,1974,0,18
4,0.624349129161931,0,3,3,0,1,1954,0,25
1,1.419571320981747,0,3,1,38,0,1957,1,11
4,-0.9864160941323813,1,2,2,43,1,1966,3,29
4,-0.26089204659942217,0,3,3,1,1,1974,1,27
2,0.39778344565572715,0,0,7,25,1,1979,0,16
3,-0.6251722940182629,0,3,1,2,1,1973,0,27
2,0.1587449709132024,2,3,3,66,0,1985,0,14
2,-0.6633848154838453,1,2,2,49,1,1966,0,10
1,1.576672433070688,0,3,1,5,0,1989,5,17
2,-1.3421475745240807,1,2,2,71,0,1969,0,25
3,-0.34367027158354446,1,2,6,35,1,1969,0,26
2,-2.0768743931190445,0,3,1,94,0,1987,0,13
1,-0.6201738346089508,1,2,6,80,0,1989,0,10
1,-0.11420828449437474,1,0,2,61,0,1975,0,24
4,0.2778204198322361,0,2,3,29,1,1973,0,18
3,-0.3972051732944949,0,0,3,0,1,1966,0,15
3,-1.5170002247021677,2,0,1,80,0,1986,0,21
2,0.056673626900613644,0,2,3,54,1,1978,0,17
2,-1.0003370371601852,1,2,2,71,0,1979,0,10
4,0.8485323693982758,0,2,1,27,0,1983,2,21
2,0.49009144371928565,0,0,2,61,1,1959,4,25
2,-1.4146953078199849,1,2,3,55,0,1976,0,30
1,-0.44676933622234694,1,0,4,35,1,1981,0,28
3,0.438518554112925,1,2,1,34,0,1978,0,22
2,1.3478644500163814,0,2,1,95,0,1953,1,21
3,-0.4262149236980728,1,1,7,64,1,1971,0,18
2,-0.5622944775235514,1,3,2,30,0,1983,0,14
3,1.6100266388487148,0,0,1,12,0,1956,0,28
1,-1.6276203357418977,1,2,4,96,0,1978,0,13
2,-1.270487418132634,1,0,3,16,0,1972,3,26
2,-0.7549920949386217,0,3,2,16,1,1975,0,10
2,-0.7162189985860137,2,1,1,78,0,1975,0,19
1,-0.039605109946043285,1,3,2,83,1,1981,0,30
4,1.6302540493555573,0,0,1,96,0,1972,0,9
4,1.4067248131540757,0,2,1,67,0,1970,0,19
4,-0.2675722306698113,2,0,4,87,1,1953,0,11
2,-0.4538699514580053,1,3,2,34,1,1959,0,24
2,-0.035681085736863676,1,2,8,46,1,1962,0,16
3,0.753655069769183,0,0,2,7,0,1978,0,24
2,-0.9410562428572218,1,3,2,73,0,1973,3,14
3,-0.026571743822696715,1,1,6,54,1,1965,0,9
2,1.1525041018879394,0,3,1,93,0,1983,0,25
0,-1.1721065254596308,1,0,1,52,0,1991,0,28
4,-0.1406487333324183,0,1,2,53,0,1943,3,14
4,0.1542136572430783,0,0,2,81,1,1972,0,12
2,0.5667033449461257,0,2,1,8,1,1956,0,20
2,1.2319655921238266,0,1,2,97,1,1958,0,25
4,-0.6947302945833634,1,3,3,50,0,1974,0,20
2,-1.4067071156798692,1,1,4,38,0,1986,0,22
2,1.3715954535671344,0,3,1,61,0,1958,0,14
2,0.10175319073226038,0,1,2,46,1,1970,0,20
2,0.6944677046140572,0,2,1,73,0,1967,0,19
2,0.24016847325367935,0,2,1,19,0,1973,0,24
2,0.3250488540641479,1,2,5,10,2,1969,0,15
2,1.5468685349104905,0,0,1,94,0,1977,0,28
2,1.6102602117183087,0,0,0,10,0,1961,1,23
2,-0.2931251026033976,1,1,1,37,0,1971,0,24
2,-0.19011946711243272,1,2,1,94,0,1974,0,25
4,-0.2820537485846408,0,3,1,23,0,1986,0,27
4,1.2361231892026001,0,0,1,75,0,1966,0,18
2,1.0816848078270311,0,2,1,40,0,1992,0,23
4,0.01491079781720205,0,1,6,24,1,1963,0,13
3,-0.7622795684699554,1,3,2,11,0,1972,0,19
2,2.0353628343794337,0,0,1,29,0,1994,5,12
2,0.5073758360692435,0,3,1,51,0,1954,0,17
3,0.9882089454155025,0,2,1,86,0,1960,0,24
4,1.5046852746618096,0,3,1,9,0,1982,4,20
1,-0.4368658465515603,0,0,2,30,1,1954,0,23
4,1.0594019560677612,0,0,1,73,0,1954,1,17
4,-0.27766257863627314,1,2,1,25,1,1955,2,28
2,0.9527525838111296,0,0,1,67,0,1993,0,16
3,-0.565284210254355,1,0,1,67,0,1969,0,13
4,-0.8170290491027947,1,3,3,58,1,1948,0,29
2,1.4516175186900473,1,2,1,82,0,1986,1,29
3,-1.2873513793173226,0,2,3,98,0,1979,0,8
2,1.1970230908325605,0,3,1,93,0,1978,1,26
1,1.035063663056064,0,0,1,53,0,1982,4,24
2,1.0433321426396922,0,0,1,66,0,1993,0,29
4,0.7679030148144185,0,3,1,6,1,1976,0,23
4,1.2927412527921918,0,2,1,42,0,1974,0,28
2,-0.2733648378357431,1,0,1,78,0,1989,0,26
4,0.6068778785162979,0,0,2,29,1,1951,4,8
0,-1.238674793293928,1,3,1,82,0,1989,0,12
2,1.0822920972879755,0,0,1,92,0,1952,0,29
4,-0.8906979321727501,1,2,2,78,0,1971,0,29
2,0.9266858515644364,0,2,1,54,0,1971,0,22
4,0.7276817666703275,0,3,3,45,1,1970,1,17
2,0.15323265119078341,0,0,3,59,1,1971,0,19
4,0.4015206115692315,1,1,2,8,0,1975,0,20
1,0.6013188442199602,1,0,8,51,1,1952,0,18
4,0.19191231839555387,0,2,2,51,1,1962,0,19
2,1.4045292281798918,0,1,1,76,0,1983,5,17
2,1.9818746472424018,0,2,0,62,0,1953,1,15
0,-1.7309062586763753,0,0,3,86,0,1986,0,12
4,-0.018490122534743466,0,3,1,60,0,1987,4,10
1,0.2792685716237191,0,3,3,56,1,1982,0,26
2,0.7621571222224055,1,1,2,83,1,1979,0,21
2,-0.569348378185291,1,2,1,92,0,1977,0,24
1,0.7443588695593408,0,1,2,31,1,1975,0,10
4,-1.1228693645492105,1,2,1,80,0,1979,0,29
4,0.010799915312347218,1,2,3,39,1,1976,3,29
3,-0.369410001812806,1,1,4,20,1,1973,0,13
4,-0.4293915147245515,2,0,1,53,0,1971,0,17
3,-0.2734115524096619,1,2,1,84,1,1976,0,29
4,-1.6364961047864706,1,3,5,50,1,1976,0,14
2,0.3641489524341876,0,3,3,96,1,1965,0,12
2,0.08133892192974264,0,0,4,94,1,1952,0,8
2,0.3308414612300797,1,3,2,25,1,1973,0,29
4,0.10642464812414087,0,1,4,48,1,1957,0,16
2,0.8730108061317295,0,1,2,65,1,1967,0,9
4,0.029812746897300818,0,0,3,69,1,1962,0,29
3,-0.5109551607867849,1,2,2,12,0,1969,0,12
4,-0.5477662450348032,0,3,5,84,1,1975,0,22
2,-0.08295623454269425,1,3,7,47,1,1980,0,30
2,0.13052936826624423,0,2,3,87,1,1959,0,21
2,1.9151195211124297,0,3,1,35,0,1973,1,20
2,-0.863650193873762,1,3,3,47,0,1973,0,10
4,-0.8110962982151064,1,3,1,48,0,1974,0,16
2,-0.371325299343477,1,2,6,46,0,1980,0,10
2,1.5070210033577498,0,3,1,27,0,1988,0,26
4,-0.5256702515712084,2,2,4,37,1,1968,0,13
1,-1.6930674538021433,1,3,3,8,0,1988,0,11
1,0.33135532154318653,0,1,3,29,1,1959,0,23
3,1.3366996668497872,0,2,1,85,0,1971,0,10
2,1.4834768581026723,0,3,1,2,0,1962,0,26
3,1.4302689584091535,0,2,1,66,0,1959,5,8
3,0.23372186205288428,2,3,7,60,1,1965,0,22
2,-0.7593365503130707,1,3,3,54,1,1952,0,25
2,0.053450321300216104,0,2,5,70,1,1954,3,21
1,-0.24197264416230618,1,1,1,55,1,1960,0,19
2,-2.2001541536907707,0,1,0,20,0,1965,0,30
3,-0.8640706250390312,1,1,1,78,0,1979,0,20
2,0.5481576591003602,0,1,3,63,1,1978,0,22
2,1.3455754358943601,0,3,1,17,0,1950,1,20
4,0.6256571372316575,0,3,2,43,1,1974,0,20
4,1.4113028413981186,0,3,1,13,0,1978,0,23
2,1.1118157080046602,0,3,1,46,0,1969,1,22
1,1.2954039835055635,0,0,1,65,0,1976,0,17
4,-0.7763406552195156,1,1,2,1,1,1956,0,30
2,1.5754111395748802,0,1,1,6,0,1954,1,27
1,-1.2647882401145398,1,3,1,32,0,1972,0,11
3,-0.46424058686798,1,2,5,34,0,1981,3,8
2,0.5834738769829767,1,0,4,70,0,1989,0,26
2,0.5899204881837717,1,1,2,49,1,1954,0,30
2,-0.800445375361619,0,0,1,65,0,1995,0,27
2,1.0967736152028051,0,2,1,25,0,1978,1,23
2,-1.2084037493945423,1,2,3,84,1,1957,0,26
2,0.041397961229164434,1,3,3,7,0,1973,3,20
2,-0.274345843888038,0,1,4,34,1,1956,0,23
4,1.2178110762264287,0,1,1,38,1,1956,4,9
4,2.0185455877686636,0,0,1,1,0,1987,1,22
1,0.2045252533536312,1,3,5,25,1,1981,1,15
2,-1.3792389462156118,1,2,2,25,0,1987,0,14
4,-0.7020644826886158,0,3,5,50,1,1954,0,17
2,-0.7394361418236597,0,0,6,46,1,1954,3,14
3,0.6357941997720382,0,3,2,96,1,1953,0,11
2,1.489503038138198,0,2,1,57,0,1952,5,17
2,-1.5156455020585222,1,3,4,47,1,1968,3,25
4,-0.711127110028864,1,0,1,52,1,1963,0,17
2,1.1963223722237784,0,2,1,30,1,1979,1,8
4,-0.12948395016582395,0,2,1,63,1,1976,0,25
2,-1.0179484315275746,1,0,7,51,0,1978,0,15
3,-0.8364623118530176,0,2,1,14,1,1968,0,9
3,-0.6429238321074088,1,3,3,20,1,1971,0,28
3,0.3481725681539563,0,3,1,56,0,1951,0,28
1,0.8859507431072385,0,3,1,41,0,1965,5,28
2,0.10306119880198693,0,2,1,72,0,1969,0,17
2,-0.9183529599326825,1,3,1,1,0,1973,0,13
2,-1.4845335958285981,0,0,1,27,0,1976,0,14
2,-0.7940454787347426,1,3,3,77,0,1973,0,30
4,-1.0986712152592695,1,2,1,87,0,1974,0,19
4,0.586043178548511,1,2,7,81,2,1953,0,15
3,-0.8593057384993131,0,2,1,51,1,1966,0,30
2,-1.61696941288841,1,3,2,79,0,1978,0,11
4,0.20373110559701152,0,3,3,11,1,1967,0,16
2,-1.089001298458077,1,0,1,54,0,1978,3,20
0,-1.724739934919093,1,0,2,93,0,1987,0,13
4,-0.9242857108203708,0,1,1,0,1,1958,0,20
1,0.7641191343269953,0,2,5,54,1,1964,0,11
2,1.0547772132497995,0,2,1,21,0,1971,5,18
2,1.8564927308443295,0,0,1,58,0,1971,0,13
2,0.7818239578422224,0,2,1,3,0,1969,0,30
1,-0.9764658898876759,1,3,1,99,0,1977,0,13
2,1.2909193844093583,0,3,1,70,0,1973,5,29
2,-1.1159088930353085,0,0,2,65,0,1980,0,8
4,-0.6831917948254186,1,2,4,44,1,1958,0,26
3,-0.25860303247740074,1,0,3,6,1,1972,0,21
4,-0.6929084262005301,1,3,1,9,0,1971,3,27
2,-0.19880837786133043,0,3,4,95,1,1953,0,17
2,0.43076393484240344,0,3,2,70,1,1959,3,28
2,-0.6054587438245272,1,3,3,92,1,1954,0,11
2,-2.0522090980899157,0,0,15,62,0,1991,0,9
2,1.1268578008065155,0,2,1,85,0,1962,1,29
2,-0.8049299744578242,1,2,1,2,0,1986,0,19
3,-0.8778047097711599,0,0,3,0,1,1965,0,10
3,-0.8583247324470182,0,3,1,91,1,1966,0,21
4,1.171516933472893,0,3,1,3,1,1960,0,22
2,-0.7830675538638235,1,2,6,68,0,1984,0,11
2,-0.34708043547961726,0,3,6,98,1,1966,4,19
1,0.8859507431072385,0,3,1,41,0,1965,5,28
4,-1.0835356933095768,1,2,1,16,1,1966,3,30
4,0.8006499311315007,0,3,1,82,0,1949,0,14
1,-1.2145700731518245,1,1,2,1,1,1970,0,14
3,-1.1612687443104681,1,3,1,64,0,1983,0,16
2,0.8706283628618705,0,0,1,68,0,1985,0,10
2,-0.43920157524750053,0,3,4,98,1,1974,0,8
4,0.06321366724924633,0,3,1,32,0,1951,0,20
2,0.9468665474973601,0,0,1,87,0,1952,0,11
2,0.730905072270725,0,2,1,84,0,1987,0,15
3,0.5085437004172136,1,3,11,3,1,1949,4,10
2,0.618369663700324,0,2,2,34,2,1958,3,19
4,-0.4652215929202749,0,0,2,23,0,1987,0,13
4,-0.752049076781737,1,1,2,37,1,1973,3,29
4,0.6337854730935296,0,3,1,22,1,1964,0,28
2,-1.6396259812390304,1,3,3,19,1,1961,0,9
2,1.4747412327798557,0,0,1,7,0,1992,1,29
1,0.5707207983031429,0,1,8,52,1,1965,0,8
2,-1.3853118408250564,0,1,1,91,0,1956,0,8
2,0.7037171902499806,0,3,1,93,0,1978,0,27
4,-0.8906979321727501,1,2,2,78,0,1971,0,29
2,0.8760939680103706,0,2,6,23,1,1966,0,12
2,0.37213714457430325,0,2,3,83,1,1955,0,11
2,-0.5716373923073125,0,3,2,92,1,1953,0,26
2,-0.24986740715458422,0,2,1,4,0,1958,0,19
2,1.6998587644945766,0,2,1,32,0,1961,1,19
4,1.644922425566062,0,3,1,27,0,1981,3,17
1,-1.1702846570767975,1,2,2,10,1,1976,0,20
3,-0.09085099753497228,1,0,2,9,0,1968,0,25
4,-0.5112821628042166,1,3,1,65,0,1978,0,16
2,0.6696622658631718,0,0,1,68,0,1965,0,27
2,-0.7121081160811589,1,3,6,16,0,1971,0,11
2,1.2845194877824821,0,3,1,12,0,1956,0,8
2,-0.5362744598507772,1,2,1,95,0,1982,0,20
3,1.0924758744022751,0,0,1,16,0,1970,1,14
2,0.10623778982846566,0,3,4,46,1,1977,0,14
2,-1.298469447909998,1,0,2,3,1,1970,0,22
4,1.5182792156721818,0,2,0,80,0,1958,1,13
2,-0.38225650964047736,1,2,1,77,0,1983,0,29
4,0.9217808213029619,0,0,1,0,0,1958,0,27
4,1.5829321859758079,0,3,1,62,0,1973,5,29
4,-0.5964895456321166,1,0,2,91,0,1974,0,28
2,0.9066452993532691,0,2,1,24,0,1959,0,20
4,-0.6250788648704253,1,0,3,2,1,1972,0,18
4,0.24652165530663683,1,3,3,22,1,1965,0,27
2,0.4608948350200326,0,0,1,56,1,1979,0,20
2,1.3007294449323075,0,1,1,54,1,1958,0,30
1,1.3524424782604243,0,0,1,71,0,1986,0,10
3,-1.1383786030902536,1,2,1,38,0,1982,0,16
2,0.22498623673006776,0,3,2,62,1,1979,0,13
2,1.488802319529416,0,1,0,78,0,1975,1,22
1,0.10516335462833315,0,3,2,18,1,1979,0,17
2,-0.6283488850447416,1,3,6,95,0,1986,0,20
2,0.05737434550939572,1,2,2,66,0,1970,0,22
2,-1.0247220447458014,1,3,1,28,0,1972,0,27
4,1.1251760761454386,0,0,1,78,0,1960,1,23
4,-0.05086332226047527,0,3,1,13,1,1952,0,30
1,-1.711799997943584,0,3,2,27,0,1970,0,20
1,0.6308424549366448,1,3,2,17,0,1974,4,25
2,0.6783511766120695,1,3,7,71,1,1965,0,29
2,1.1591842859583286,0,1,1,79,0,1954,0,14
1,1.3892535625084428,0,0,1,1,0,1983,1,15
4,0.1171222855515472,1,0,1,78,1,1973,0,26
3,2.187091770467712,0,0,0,23,0,1960,4,26
4,-1.6672342944250442,1,0,3,75,0,1984,0,20
2,0.9277602867645689,0,2,3,70,1,1971,4,20
4,-0.8590721656297191,1,3,1,10,0,1983,3,22
3,-0.7332698180663775,0,3,1,24,0,1983,3,21
0,-1.369896031431851,0,2,1,47,0,1966,0,13
1,-0.23048085897828016,0,3,5,98,1,1978,0,21
2,0.8692269256443064,0,0,2,4,1,1968,0,22
4,-0.950819588806252,1,3,2,15,0,1979,0,11
3,0.003512441781013651,1,1,5,67,1,1973,0,17
2,-0.160362283526154,1,0,1,32,0,1979,0,24
2,-0.2440747999886524,0,3,2,40,1,1954,0,11
2,-0.5795788698735093,1,1,7,54,1,1962,0,12
2,1.6069434769700737,1,0,4,78,1,1966,0,8
2,-0.23487202892664782,2,2,2,94,1,1977,0,28
0,-1.652659347362377,0,0,1,51,0,1985,0,13
1,0.5624056041455957,0,1,1,42,0,1952,0,24
3,0.7204410077129128,0,3,4,67,1,1951,4,13
2,-1.21592479579547,1,0,1,87,1,1967,0,22
2,-0.43284839319454305,1,3,1,29,0,1978,0,30
2,1.5718141173831324,0,2,2,89,1,1976,1,11
2,0.9783988848925534,0,0,1,74,0,1985,1,22
1,-0.10696752553695997,1,2,2,97,0,1974,0,29
4,-0.7091650979242742,1,3,3,63,1,1968,0,8
4,1.5760184290358248,0,1,1,88,0,1962,0,17
3,-1.9143543904555222,0,1,2,34,0,1989,0,29
2,-0.10654709437169073,0,3,2,81,1,1961,0,14
3,0.19480862197851978,0,2,4,65,1,1953,0,18
2,-0.6915537035568847,1,3,1,51,0,1989,0,13
1,-1.4330541353700752,1,1,2,76,0,1978,0,29
4,-0.8660793517175399,0,0,2,76,1,1962,0,20
2,0.5290981129414878,0,1,1,84,0,1945,0,23
3,-1.4343154288658828,1,2,4,56,0,1974,0,25
2,-0.45765383194542847,1,2,2,31,0,1981,3,23
2,0.11637485236884633,1,2,12,0,1,1956,0,9
4,0.2702526588573897,0,3,2,91,1,1954,0,23
2,-1.185747181043922,1,0,1,40,0,1986,3,10
4,0.25946159228214577,0,1,2,59,0,1943,0,19
2,0.7559907984651232,0,2,3,96,1,1964,0,8
2,-2.0768743931190445,0,3,1,61,1,1979,0,8
2,1.4568495509689534,0,2,1,14,0,1974,5,9
3,0.10455606516738869,0,3,2,16,1,1960,0,28
4,-1.348547471150957,1,0,4,98,1,1963,0,29
2,-0.2760742831230338,1,3,10,11,1,1976,0,19
2,0.22218336229493946,0,2,1,52,0,1974,0,12
2,1.2823706173822171,0,3,1,19,0,1961,0,29
2,0.24969824633311555,0,3,2,61,1,1951,0,15
2,-0.3542744798631132,0,3,1,73,1,1965,0,27
2,0.11637485236884633,1,2,12,0,1,1956,0,9
2,0.3566746206071788,0,3,1,74,1,1965,4,10
2,1.3419316991286934,0,2,1,55,0,1994,0,8
4,-0.5425809273298158,0,3,2,48,1,1974,0,22
2,0.5022372329381749,0,3,4,53,1,1972,0,17
1,-0.13892029409742254,0,3,1,13,1,1968,0,19
2,-0.7771815175500542,1,2,3,34,2,1968,0,8
2,1.1764219637343676,0,3,1,54,0,1948,0,17
2,1.3873382649777717,0,0,1,69,0,1969,0,25
0,-1.7535628270269956,0,3,1,81,0,1996,3,26
1,-1.4868693245245383,0,3,1,99,0,1974,0,27
4,1.0396416913001068,0,3,1,3,0,1990,0,8
3,0.6898429617960955,1,3,3,61,1,1957,4,25
0,-1.3189771458603534,1,2,2,65,0,1979,0,13
3,-0.21515847873291216,0,3,3,93,1,1960,0,23
3,-0.8649114873695697,1,3,1,24,1,1952,0,11
2,0.11338511963804282,0,3,2,8,1,1981,0,17
2,-1.0954011950849531,1,1,3,72,1,1981,0,16
3,1.8068818533425586,0,0,1,29,0,1991,5,26
2,-0.18166412923312902,0,2,3,33,1,1950,0,13
2,-0.41196697865283727,0,3,1,68,1,1957,0,13
4,0.14015257049351804,0,1,3,55,1,1961,4,13
0,-1.7238990725885546,1,0,5,76,1,1958,0,17
2,-1.1680890721026136,1,0,1,17,0,1971,0,29
2,-1.384237405624924,1,0,1,94,0,1985,0,20
2,-0.3534336175325747,1,3,2,86,1,1965,0,20
4,0.46906988545582345,0,0,1,25,1,1952,1,20
4,-0.955864762789483,0,2,2,22,1,1962,0,12
1,-0.28331504208044855,0,3,1,15,2,1974,0,26
3,1.2435508064556902,0,1,1,35,0,1970,0,12
3,0.719880432825887,0,1,4,81,1,1969,4,11
2,0.30094413392204455,0,1,1,55,1,1960,0,28
2,0.48341125964889653,0,0,1,94,1,1952,0,26
3,-0.388562977119516,1,3,3,50,1,1969,0,16
3,0.5550714160403433,0,1,1,64,1,1968,0,16
1,-0.23674061188340004,0,3,1,91,1,1965,0,21
3,0.8470375030328741,1,3,2,11,0,1969,4,15
4,1.2200066612006124,0,3,1,72,0,1972,0,28
1,0.3375216453004688,0,1,3,6,1,1961,0,9
2,0.1331453844056973,1,3,4,0,1,1977,0,21
2,0.2874903366334287,0,3,3,66,1,1959,0,13
3,-0.025544023196483006,0,3,2,42,1,1958,0,24
2,-1.7131080060133106,1,1,2,60,0,1979,3,10
3,0.6856386501434031,0,2,1,64,0,1957,0,20
3,-0.0464254377381888,0,3,3,87,1,1956,3,14
4,1.525660118351353,0,3,1,96,0,1965,5,23
2,-1.5699745515260923,0,3,1,1,0,1990,0,22
4,-0.5375824679205037,0,2,1,54,2,1957,3,26
2,-0.7307005165008432,0,2,2,53,1,1965,0,17
2,-0.45527138867556943,0,2,2,96,1,1957,4,22
2,0.6441561085035042,0,2,2,58,1,1955,0,16
2,1.1718439354903245,0,2,2,12,1,1972,3,22
2,1.0725287513389454,0,2,1,78,0,1969,5,15
2,0.22246364973845228,1,3,5,64,1,1972,0,10
2,-0.4577472610932661,1,0,4,26,1,1975,0,18
2,0.44846875835763045,0,0,1,8,1,1965,0,19
4,-0.8562692911945908,1,2,5,49,1,1963,0,8
4,0.7812166683812779,0,2,1,56,0,1991,0,22
2,-0.8213267899033247,0,0,2,55,1,1963,0,13
0,-2.0096054066759654,1,0,3,25,0,1986,0,8
2,-1.202003852767666,1,3,1,50,0,1973,0,21
1,1.1836627226917822,0,1,1,84,0,1957,1,13
2,-0.5487939656610169,1,3,2,30,1,1981,3,19
4,-0.8651917748130825,1,1,4,81,1,1958,0,21
4,1.0778542127656892,0,3,2,74,1,1959,0,16
4,0.4356222505299591,0,0,1,76,0,1955,4,22
2,-1.3753149220064322,1,3,2,36,0,1986,3,10
3,0.1294549330661117,0,3,5,64,1,1975,0,20
3,-0.6309649011841947,1,3,3,62,1,1955,0,27
2,-0.35212560946284815,1,1,5,53,1,1971,0,14
4,-0.64287711753349,1,2,1,86,0,1986,0,18
2,-0.46587559695513814,0,1,3,15,1,1978,0,26
2,-1.099278504720214,1,2,2,67,0,1983,0,15
4,-0.6803422058163715,1,2,1,47,0,1976,0,29
2,0.5962269556628105,1,3,4,47,0,1971,0,29
3,0.15369979692997146,0,2,1,81,1,1956,0,28
2,1.539113915639969,0,2,1,98,0,1972,2,22
2,-1.0869458572056494,1,3,1,56,0,1989,0,19
2,-0.3618422408379596,1,0,4,48,1,1952,0,23
0,-1.2263421457793633,1,0,1,18,0,1984,0,25
4,0.3318224672823746,2,3,2,74,1,1967,0,22
2,1.1522238144444266,0,0,1,68,1,1962,3,29
3,0.6559281811310431,0,2,1,36,0,1947,0,28
4,-1.134034147715805,1,2,4,90,0,1978,0,8
2,-2.3464174846305488,0,1,15,65,0,1971,0,29
0,-2.0768743931190445,1,0,4,63,0,1992,0,12
2,-0.5343124477461874,1,2,1,82,1,1968,0,16
4,-1.4729950960706533,1,2,1,63,0,1973,0,27
2,0.6141653520476316,0,3,3,55,1,1975,4,29
4,0.8413383250147798,0,3,1,64,0,1965,1,20
2,0.7228701655566906,0,3,4,51,2,1952,4,19
4,1.2055718578597017,0,3,2,97,1,1967,3,14
2,1.0630924074073467,0,3,2,92,1,1972,0,21
2,0.7548696486910719,0,1,2,51,1,1963,0,22
4,0.1494487707033602,1,3,4,72,1,1970,0,7
1,0.5144764513049018,0,3,2,39,1,1955,0,8
2,1.0385205415260554,0,3,2,49,1,1975,0,29
2,-0.5887349263615951,1,3,1,21,1,1976,3,27
2,1.1535785370880718,0,2,1,91,0,1969,1,20
4,-0.752049076781737,1,1,2,37,1,1973,3,29
4,1.8091708674645801,0,1,1,98,0,1983,5,17
3,1.0039517568261398,0,2,1,85,0,1982,1,24
2,-0.9578734894679916,1,3,3,40,1,1960,0,19
2,-0.2251553975515364,1,0,2,2,1,1952,0,27
2,1.488802319529416,0,1,0,78,0,1975,1,22
4,0.06629682912788745,1,3,10,41,1,1963,0,9
2,-1.509012032562052,1,2,3,94,0,1970,0,14
4,-0.29803013286487207,0,3,1,10,1,1948,0,20
1,1.566161653938957,0,0,1,73,0,1958,0,30
2,0.18672700069056652,0,3,2,22,0,1944,4,28
3,0.571421516911925,0,0,3,30,1,1963,0,13
2,-0.6143345128691001,1,0,4,21,0,1972,3,8
3,0.24404578288894016,1,3,8,51,1,1966,0,15
3,-1.317855996086302,1,1,3,97,0,1968,0,11
2,0.670082697028441,0,3,4,56,1,1971,4,14
3,-0.6816034993121792,1,3,1,4,0,1975,3,24
2,-0.5212790816228408,1,3,2,77,2,1964,0,13
2,0.9290682948342954,0,1,0,95,0,1978,1,9
2,-0.27140282573115326,0,3,5,36,1,1975,0,23
2,1.248595980438921,0,2,1,13,0,1983,5,8
1,-0.13270725576622147,0,1,2,90,0,1971,2,8
4,-0.6692241372236959,1,3,2,49,1,1957,0,9
3,-0.5695352364809663,0,2,2,18,0,1951,0,19
0,-1.166080345424105,0,3,2,89,0,1951,0,11
2,-0.8395921883055775,1,1,1,43,0,1970,0,15
4,0.2397480420884101,0,3,2,82,1,1972,4,11
1,-0.23954348631852831,1,3,2,84,1,1969,0,18
3,1.4571298384124662,0,3,1,80,0,1972,1,14
2,0.026729585018659695,0,3,2,68,0,1971,0,12
2,-1.6910587271236346,0,3,1,12,0,1956,0,21
2,-1.3619545538656541,1,0,1,75,0,1971,0,19
1,-0.41617129030552974,1,3,2,10,0,1973,0,27
4,-0.4186471627232264,1,0,1,91,1,1977,0,24
4,-0.14205017054998248,1,0,2,21,1,1963,0,28
3,0.37718231855753415,0,2,2,28,1,1954,0,27
4,-0.8369294575922056,1,2,1,97,0,1978,0,22
2,0.27338253530994966,0,2,5,49,1,1966,4,18
2,1.2430836607165021,0,3,1,14,0,1946,5,26
2,-2.0768743931190445,1,0,4,5,1,1978,0,12
3,4.941196190424774,1,2,0,37,0,1971,0,18
2,1.9818746472424018,0,2,0,62,0,1953,1,15
1,-1.345884740437585,0,3,1,83,0,1985,0,26
2,-0.3593196538463441,1,1,5,48,1,1970,0,14
2,0.9187443739982396,0,3,1,94,0,1979,4,11
2,0.4174035667016252,0,2,5,61,1,1966,0,18
2,-0.08216208678607456,1,2,6,70,1,1976,0,16
4,1.3590292331829759,0,3,1,43,0,1965,4,29
2,0.6171083702045163,0,3,1,23,0,1982,1,25
2,0.3694744138609314,0,2,7,37,1,1972,0,19
4,0.6416802360858076,0,3,2,50,1,1960,0,25
3,0.6025334231418491,0,0,1,78,0,1956,0,11
3,-0.31839768709347105,0,2,3,74,1,1965,0,20
1,1.0672500044861204,0,2,5,14,1,1955,0,23
1,0.33172903813453697,1,3,3,77,0,1989,0,25
4,-1.154822133109673,1,0,3,39,1,1962,0,16
2,-0.23122829216098106,0,2,4,89,1,1965,0,22
1,-0.2739721272966876,1,3,1,62,1,1973,0,30
2,-0.5436553625299483,1,3,2,59,1,1972,0,19
2,-0.6878165376433804,1,2,1,68,0,1984,0,26
3,1.3960271757266693,0,3,1,13,0,1960,0,16
3,-0.2460368120932422,0,2,3,37,1,1958,0,18
2,1.1876334614748807,0,2,2,36,1,1968,5,25
2,-0.6626373823011444,2,0,4,28,0,1977,3,9
0,-1.5680125394215025,1,3,2,2,0,1974,0,27
3,0.9748952918486431,0,3,6,17,1,1962,0,14
2,-1.2728698614024931,0,3,1,86,0,1982,0,28
4,-0.3015804404827013,1,3,1,54,0,1975,0,21
3,-2.120786092602721,0,0,0,2,0,1982,0,24
4,0.9177166533720259,0,2,1,3,0,1945,3,23
2,-1.1545418456661602,1,3,2,84,0,1979,0,27
2,-0.14980478982050408,1,3,5,8,1,1969,0,12
2,0.909775175805829,0,3,3,4,1,1962,1,21
2,1.8164116264219947,0,0,1,57,0,1948,0,19
3,1.6881801210148752,1,3,1,24,0,1978,1,8
2,-0.0005050115760035718,0,3,2,51,1,1975,0,21
2,0.9293485822778083,0,2,1,29,0,1982,0,17
3,-0.7513016435990362,0,3,1,13,0,1983,0,28
2,-0.5563617266358633,0,1,1,23,1,1952,0,22
2,-0.5745336958902784,1,0,3,36,0,1982,0,8
2,-0.08557225068214733,0,2,1,88,1,1962,4,29
3,-0.40622108606082424,0,3,3,2,1,1977,0,11
3,0.5085437004172136,1,3,11,3,1,1949,4,10
2,-1.542973527801023,0,3,1,15,0,1990,0,14
0,-1.288939674830562,1,0,1,58,0,1982,0,15
2,-0.8740208292837367,1,0,2,11,0,1975,0,14
1,-1.1712189485551736,0,3,1,27,1,1959,0,14
4,-0.08449781548201481,0,3,2,32,0,1983,0,18
2,0.47191947446487054,0,2,3,12,1,1976,4,20
4,1.5760184290358248,0,1,1,88,0,1962,0,17
4,1.1483932193830846,0,2,1,91,0,1956,0,15
2,0.8668444823744473,0,0,1,12,0,1993,0,22
2,-1.575767158692024,1,2,1,21,0,1987,0,11
2,0.8025652286621717,0,3,1,23,1,1965,0,25
2,0.8011637914446076,0,3,1,10,0,1982,5,11
2,0.8253619407345485,0,0,2,35,1,1962,0,15
2,-0.645726706542537,1,3,2,69,0,1978,3,16
4,0.47649750270891345,0,0,1,68,0,1946,0,28
2,1.3423988448678814,0,0,1,85,0,1963,0,24
3,-0.8708909528311768,1,0,3,34,1,1971,0,22
2,0.3080914637316217,1,2,6,55,1,1968,0,9
0,-1.6211270099671837,1,3,2,10,0,1992,3,23
2,0.050227015699818564,1,1,8,30,1,1974,0,17
1,0.011407204773291681,0,2,1,36,0,1950,0,7
1,0.35700162262461044,0,1,4,14,1,1977,4,19
3,1.0835533907837833,0,0,1,79,1,1958,0,9
2,-0.23048085897828016,0,0,3,52,1,1976,0,23
2,-0.6534346112391399,1,3,1,97,0,1973,0,23
3,-0.49628678457628017,1,1,3,24,0,1968,0,24
2,0.7151155462861689,0,3,1,0,1,1958,0,29
2,0.2512865418463549,0,0,2,96,1,1975,0,28
1,-0.06707327941030057,1,2,2,89,1,1960,0,24
3,-0.7552723823821346,2,0,2,94,1,1965,0,17
4,-0.06296239690544575,0,1,6,98,1,1960,4,10
4,0.20008736883134473,0,3,5,72,1,1969,0,15
2,-0.14270417458484574,0,0,4,1,1,1960,0,12
2,0.20013408340526354,1,0,6,26,2,1975,0,24
2,-1.4296439714740024,1,3,2,5,0,1985,3,20
3,0.25511713690769694,0,2,3,22,1,1971,4,18
3,3.398932597978631e-16,0,2,2,39,1,1970,0,16
3,-0.2601446134167213,0,1,1,56,1,1955,0,29
1,0.1113296783856154,1,2,4,74,1,1956,0,19
2,3.398932597978631e-16,1,2,1,87,1,1958,0,9
1,3.398932597978631e-16,1,0,1,49,1,1964,0,25
2,-1.4511326754766527,1,3,1,24,0,1973,0,10
2,1.8865769164480397,0,3,0,9,0,1948,3,25
4,3.398932597978631e-16,1,2,1,17,0,1972,0,27
1,-1.1702846570767975,1,2,2,10,1,1976,0,20
2,-0.32675959582493713,1,2,1,35,1,1980,0,12
2,1.1000436353771215,0,2,1,56,0,1979,0,29
3,0.08418851093878973,1,3,6,7,1,1972,0,22
2,-1.3676537318837483,1,2,3,51,0,1973,0,22
4,-0.6106440615295146,1,2,1,17,0,1972,0,27
1,-0.48119797720050617,1,0,2,30,1,1975,0,11
4,-1.035559825894964,1,3,2,21,0,1972,0,29
3,0.5585282945103348,0,3,2,2,2,1956,0,19
2,-0.5588375990535599,1,1,1,85,1,1974,0,29
2,-1.1771984140167806,1,1,2,65,0,1972,0,26
3,0.5550714160403433,0,1,1,64,1,1968,0,16
4,-0.04296855926819724,1,3,2,11,1,1969,0,12
2,0.4010534658300435,1,3,4,92,1,1961,0,8
2,0.6412130903466196,0,3,1,54,1,1972,0,27
2,-0.6653468275884351,0,3,2,4,1,1953,0,28
2,-0.7051476445672569,0,0,3,53,1,1957,0,8
3,-0.34792129781015574,1,3,6,39,0,1970,0,10
4,-0.7012703349319961,1,3,4,49,1,1967,0,8
3,-0.21520519330683097,0,2,4,70,1,1951,0,16
3,0.7067069229807841,0,3,2,40,1,1953,0,24
2,0.2375991716881451,0,3,3,40,1,1950,0,9
4,-0.700803189192808,1,1,4,43,1,1953,0,9
4,0.814243872141873,0,3,1,17,1,1977,0,9
2,1.3161919688994317,1,3,2,40,0,1972,1,17
3,-0.41187354950499966,1,3,1,84,1,1969,0,26
2,1.3374471000324881,0,3,1,25,0,1944,1,25
2,-0.8196917798161666,1,0,3,62,0,1990,0,14
2,0.2605827420561971,1,0,4,83,0,1979,0,18
0,-1.369896031431851,0,2,1,47,0,1966,0,13
2,-0.030075336866607082,0,2,1,45,0,1948,0,26
2,-0.7442944575112155,2,3,2,34,1,1972,0,27
2,-1.276233310724647,1,3,3,3,1,1973,0,25
4,-0.8119371605456449,2,2,1,1,1,1972,0,28
1,0.6421006672510768,0,0,1,18,0,1972,0,22
2,0.5536232642488603,0,0,4,45,1,1966,4,11
4,0.10151961786266636,0,2,1,81,1,1969,0,26
2,-1.5541383109676175,0,3,1,77,0,1959,0,12
2,-1.1115644376608598,1,3,3,23,0,1970,0,17
4,-0.8110962982151064,1,3,1,48,0,1974,0,16
4,-0.4059407986173114,1,3,1,61,0,1972,0,21
1,-0.6174643893216601,1,0,2,60,1,1958,0,27
2,-0.9367117874827728,0,0,1,75,0,1972,0,15
3,-1.1612687443104681,1,3,1,64,0,1983,0,16
1,-0.9714674304783637,1,1,1,54,0,1973,0,26
2,1.895405970918694,0,3,1,84,0,1985,1,24
2,-0.7990906527179736,1,0,2,75,1,1973,0,24
2,0.8822135771937342,1,1,5,16,1,1967,0,22
1,-0.9750644526701118,1,3,2,79,1,1979,3,17
2,0.4010534658300435,1,3,4,92,1,1961,0,8
1,-1.4700053633398498,0,2,1,16,0,1986,0,13
2,-0.4407898707607399,0,3,1,96,0,1964,0,28
2,-0.5622944775235514,1,3,2,30,0,1983,0,14
2,-0.8668734994741596,1,2,3,60,1,1952,0,19
3,-0.726449490274232,1,3,1,11,1,1949,0,21
2,-1.416096745037549,1,2,3,75,0,1979,0,9
3,1.2364501912200319,0,1,3,36,0,1948,1,10
2,1.4340528388965765,0,2,1,71,0,1946,1,21
2,-0.0038684608981575256,0,3,1,88,0,1958,0,22
1,1.218418365687373,0,3,1,93,0,1971,0,12
2,0.041724963246596074,0,3,4,93,1,1957,3,12
4,0.8445616306151773,0,2,1,54,0,1982,0,22
1,0.8148044470288986,0,2,4,41,1,1973,0,27
2,-0.27588742482735856,1,2,3,46,0,1972,0,14
2,1.1858115930920472,0,3,1,28,0,1965,0,30
2,1.0245995984982514,0,0,1,40,0,1953,0,23
4,-0.544449510286568,1,0,1,82,0,1967,0,21
4,-0.8984058368693528,0,2,2,38,0,1965,0,8
2,0.7818239578422224,0,2,1,3,0,1969,0,30
2,-0.4044926468258285,0,1,3,87,1,1971,0,10
2,-1.1991075491847,1,2,4,49,1,1972,0,13
2,1.9541261903346316,0,0,0,16,0,1970,1,26
4,-0.6329269132887845,0,3,2,65,0,1974,0,9
3,0.6029538543071183,0,1,4,9,1,1950,4,25
2,0.2802028631020952,0,2,7,24,1,1959,0,20
4,-0.27766257863627314,1,2,1,25,1,1955,2,28
2,-1.6549950760583172,1,2,3,43,0,1978,0,30
3,-1.1158621784613898,1,3,1,10,0,1986,0,19
3,-0.11598343830328932,0,1,4,29,1,1963,0,18
2,-0.05763693547870198,0,3,4,45,1,1953,0,14
2,1.489503038138198,0,2,1,57,0,1952,5,17
4,-0.505162553620853,1,3,1,20,1,1950,0,26
2,0.7222161615218273,0,2,4,29,1,1970,0,13
1,-1.3452307364027218,1,3,3,82,1,1970,0,24
2,-0.8211866461815683,1,3,4,68,0,1977,0,17
2,-0.8060511242318755,0,0,1,65,1,1966,0,16
4,2.00462464474086,0,3,1,99,2,1969,4,9
2,0.6161273641522214,0,3,2,9,1,1958,0,11
2,-0.5634156272976029,0,2,2,20,1,1954,0,14
3,0.6025334231418491,0,0,1,78,0,1956,0,11
4,0.3705955636349827,0,3,1,26,1,1970,0,23
3,-0.5110018753607037,0,0,1,68,0,1987,0,22
4,0.23886046518395282,0,3,2,79,1,1961,3,25
2,0.39778344565572715,0,0,7,25,1,1979,0,16
2,0.5067685466082991,0,2,3,83,1,1960,0,8
1,-1.5203169594504027,1,2,1,32,0,1981,0,22
2,-1.5346583336434758,1,3,2,49,0,1980,0,20
1,1.0989692001769888,0,2,2,50,1,1976,0,8
3,0.8604913003214898,0,0,3,84,1,1976,0,15
3,1.2827910485474863,0,2,1,96,0,1970,0,30
4,0.5631530373282966,2,2,7,56,1,1946,1,30
2,1.1696950650900595,0,3,2,85,1,1955,5,13
3,-0.09832532936198106,1,2,5,63,0,1972,0,23
4,0.40296876336071447,1,3,10,17,1,1971,0,18
4,-0.42443976988915816,1,1,4,11,1,1950,0,13
2,1.668653429116815,0,2,1,62,0,1988,1,19
2,0.2759985514494027,1,2,7,48,0,1978,0,22
2,-0.7564869613040235,1,3,2,86,0,1990,0,24
2,0.6321971775802903,0,3,2,73,0,1959,0,25
2,-0.8878950577376218,1,1,1,36,0,1977,0,24
4,0.06610997083221223,0,2,6,34,1,1969,3,8
2,0.922481539911744,0,2,4,16,1,1959,0,11
2,0.7721073264671109,0,3,1,48,0,1988,0,13
3,0.060457507388036846,1,2,7,61,1,1975,0,14
1,-0.9714674304783637,1,1,1,54,0,1973,0,26
2,-0.4645675888854116,1,3,6,56,0,1977,0,8
3,0.10039846808861505,1,3,13,74,1,1973,0,11
4,-0.10706095468479758,0,0,2,35,0,1955,3,8
3,0.5254076616019022,0,3,1,65,0,1974,5,27
3,0.24185019791475634,1,3,9,48,1,1972,0,19
1,-0.24229964617973782,0,2,6,88,1,1975,3,11
4,1.2599943364751094,0,3,1,19,0,1971,0,22
2,0.0942788589052516,0,2,5,21,1,1958,0,18
2,1.5070210033577498,0,3,1,27,0,1988,0,26
3,-0.27378526900101235,1,0,4,86,1,1975,0,8
2,1.0080626393309946,0,3,3,92,1,1965,0,11
2,1.2879296516785548,0,3,1,1,0,1986,0,28
1,-1.4471152221196355,0,2,1,14,0,1977,0,16
2,-0.009007064029226066,1,0,2,74,0,1980,0,27
2,0.17752422962856196,0,3,5,84,1,1962,0,11
2,-0.8838308898066858,1,3,1,4,0,1978,0,21
3,-0.6620300928402,1,3,1,50,0,1972,0,21
2,-1.1546352748139979,1,0,2,2,0,1970,0,11
4,1.6457165733226817,0,0,1,73,0,1983,0,18
2,0.8395164566319464,0,2,1,21,0,1971,0,17
2,-0.6662344044928924,1,0,1,82,0,1976,0,26
4,-0.6800619183728587,1,3,2,14,0,1973,0,29
2,-2.2636392596464265,1,0,0,56,0,1973,0,16
2,0.3101001904101303,1,3,12,20,1,1976,0,11
4,1.4048562301973235,0,1,0,54,0,1948,0,28
2,-1.1151614598526076,1,2,3,77,1,1958,0,12
4,1.0298316307771576,0,0,1,5,0,1987,1,26
2,-1.5050880083528724,0,2,2,65,1,1960,0,15
1,0.23717874052287585,0,3,4,33,1,1975,3,12
1,0.052516029821840005,1,2,6,65,1,1958,4,17
4,0.8092921273064796,0,3,4,41,1,1975,0,30
3,-0.27378526900101235,1,0,4,86,1,1975,0,8
1,-1.3373359734104437,1,3,2,92,0,1988,0,9
1,-1.3373359734104437,1,0,6,97,0,1988,0,10
2,-1.9948903158915419,1,0,1,91,0,1989,0,24
4,0.7393604101500287,0,1,1,0,0,1959,0,24
4,0.9347674728523897,0,3,3,59,1,1971,4,10
3,0.33990408857032783,1,0,3,4,0,1967,0,13
2,-0.9357307814304779,1,2,2,5,0,1989,0,27
3,1.0708003121039495,1,2,4,48,1,1961,0,15
2,0.6474728432517394,0,3,1,99,0,1978,0,11
4,-0.02559073777040181,1,0,1,81,2,1953,0,17
2,0.0011299985111546003,0,1,3,95,1,1964,0,8
3,-0.4471897673876162,1,2,1,43,0,1986,0,13
1,-1.0075777961176,0,3,1,5,0,1987,0,21
2,-0.9798760537837486,0,0,1,50,0,1963,0,11
2,0.6574697620703637,0,1,2,76,1,1957,0,13
1,-0.6855275235213588,1,3,1,46,1,1975,0,15
3,0.26025574003876545,0,1,1,68,1,1951,0,22
1,1.1604455794541362,0,3,1,33,0,1965,0,27
2,0.5598363025800613,0,3,1,50,1,1956,0,9
2,1.1268578008065155,0,2,1,85,0,1962,1,29
2,0.7234307404437162,0,3,5,63,1,1974,0,8
3,-0.696271875522684,1,3,2,89,1,1967,0,21
3,-0.22347367289045944,1,2,7,81,1,1962,3,10
2,-0.9389540870308756,1,1,1,77,0,1976,0,18
2,-1.1558965683098055,2,1,4,50,1,1961,0,13
4,0.8511483855377289,0,1,3,10,1,1976,0,19
2,-0.5622944775235514,1,3,2,30,0,1983,0,14
3,-0.10640695064993431,0,3,6,66,2,1976,0,23
2,-1.2759530232811342,1,3,1,16,0,1988,0,11
2,1.3036257485152734,0,1,1,12,1,1954,0,30
2,-0.35675035228080987,1,3,2,30,0,1985,0,30
2,-0.1868961615120352,0,0,2,8,1,1952,0,13
3,0.5611910252237068,0,0,4,93,1,1964,4,12
2,1.091074437184711,0,2,2,14,1,1954,0,28
4,0.16621930274021118,1,3,5,53,1,1950,0,9
4,1.0895795708193092,1,3,11,26,2,1957,0,15
4,1.4407330229669657,0,0,1,23,0,1946,1,11
2,-0.6054587438245272,1,3,3,92,1,1954,0,11
3,1.8068818533425586,0,0,1,29,0,1991,5,26
3,-1.158419155301421,1,3,1,41,0,1986,0,22
2,-0.4645675888854116,1,3,6,56,0,1977,0,8
4,-0.6426902592378148,0,2,4,19,1,1960,0,15
2,-0.3155948126583427,2,2,1,4,0,1982,0,27
4,1.3834609553425108,0,2,1,89,0,1947,4,28
2,-0.7952600576566317,0,3,1,71,0,1992,0,18
3,0.3981571622470776,0,0,1,81,1,1976,0,13
2,-0.8093678589801107,2,2,1,31,1,1956,0,25
3,1.220847523531151,0,2,1,53,0,1947,0,24
2,1.4248500678345721,0,1,1,78,0,1950,0,24
3,-0.2828946109151793,0,2,2,80,1,1966,0,28
2,1.3735107510978055,0,1,1,18,0,1987,0,26
4,-0.752049076781737,1,1,2,37,1,1973,3,29
3,-0.5380028990857729,1,2,4,52,1,1952,0,8
2,0.4448717361658825,0,3,1,39,0,1965,0,30
2,-0.793718476717311,1,3,7,11,0,1980,0,16
2,1.1134507180918185,0,3,1,33,0,1987,1,24
4,-0.955864762789483,0,2,2,22,1,1962,0,12
2,1.0421642782917222,0,3,1,83,0,1955,0,14
0,-1.7861228850484028,1,2,1,43,0,1988,3,8
3,-0.31839768709347105,0,2,3,74,1,1965,0,20
4,0.02850473882757428,0,0,1,54,1,1967,0,28
4,-0.16475345347452167,0,0,5,3,1,1973,0,10
3,-1.6263590422460898,1,2,5,96,1,1960,0,26
2,-0.7404638624498734,1,0,3,68,0,1984,3,22
2,1.1438619057129604,1,3,1,2,0,1971,0,9
4,-0.7145372739249367,1,3,1,40,0,1975,0,28
3,0.08801910600013174,0,3,4,64,1,1965,0,18
3,1.787635448888011,0,3,1,26,0,1956,1,9
3,0.8725903749664603,0,1,1,69,0,1955,4,18
2,-0.34787458323623693,1,2,2,57,1,1960,0,20
2,-1.1605213111277672,1,3,2,78,1,1961,0,27
4,0.09871674342753807,1,3,1,71,1,1963,0,19
2,0.9294420114256459,0,3,4,59,1,1977,0,13
1,-0.0331117841713294,1,0,5,28,0,1990,3,15
3,0.39582143355113736,0,3,5,61,1,1973,0,27
4,0.6337854730935296,0,3,1,22,1,1964,0,28
2,0.7799553748854702,0,0,1,95,0,1988,0,8
1,-1.848299982934332,0,3,1,38,0,1978,0,12
2,0.586276751418105,0,0,1,19,0,1990,3,20
2,-0.8410403400970604,1,0,4,92,0,1975,0,20
2,-0.9625916614337908,1,3,2,24,1,1977,0,24
2,0.16234199310495037,1,3,3,21,0,1984,0,22
2,-1.1024550957466928,1,2,1,35,0,1983,0,22
2,0.24016847325367935,1,0,2,9,0,1987,0,29
2,0.8025652286621717,0,3,1,23,1,1965,0,25
3,0.04737742669077147,0,3,7,92,1,1956,0,11
4,-0.011296078151247507,0,2,1,55,1,1965,4,20
2,-1.5493267098539805,1,3,3,14,0,1971,0,13
1,0.6869466582131296,0,2,1,78,0,1982,0,9
2,-0.060486524487749084,1,0,9,64,1,1959,0,13
2,0.11469312770776935,1,2,4,49,1,1963,0,13
4,0.12099959518680801,0,3,2,8,1,1952,0,27
4,-0.22646340562126294,0,1,6,35,1,1971,0,9
4,-0.5117960231173234,0,1,1,11,0,1963,0,15
2,-1.5189155222328385,1,2,3,8,0,1982,0,26
1,-0.7314479496835441,1,2,1,53,0,1976,0,22
4,0.985686358423887,0,2,1,36,1,1947,0,20
4,-0.43107323938562847,1,2,3,64,0,1969,0,22
4,0.04181839239443368,1,3,2,43,1,1959,0,27
2,-1.3633092765092993,1,2,1,40,0,1978,0,18
4,-0.24655067240634906,0,2,2,52,2,1948,0,22
4,0.3672788288867475,0,3,6,11,1,1955,0,16
2,-0.09141157242199793,0,1,2,21,1,1954,0,18
2,0.8313414061961556,0,3,1,23,0,1945,0,22
2,-0.36814870831699825,1,3,2,17,1,1969,0,30
3,-0.9996363185514031,1,2,1,6,0,1976,0,18
3,-0.7490593440509336,1,2,1,56,1,1969,0,27
4,0.569039073642066,0,1,5,71,2,1964,2,21
2,0.20681426747565265,1,2,8,51,1,1981,0,10
0,-1.2783354665509932,1,2,1,94,0,1979,0,24
1,1.1125164266134424,1,2,1,27,0,1981,0,29
3,-0.5947143918232021,0,1,1,1,0,1960,0,17
3,0.3052885892964934,0,3,2,56,1,1974,0,24
2,0.3141643583410663,0,0,1,71,0,1981,4,30
2,0.24185019791475634,0,1,1,18,0,1967,0,17
4,0.21452217217225544,1,1,3,48,1,1950,0,29
2,-1.3785849421807486,1,3,3,86,0,1982,0,26
2,1.404015367866785,0,0,1,48,0,1961,0,8
2,-0.8289879800260087,1,1,3,2,1,1963,0,9
2,4.913774735534436,0,2,0,13,0,1977,0,16
4,-1.2426455320770262,0,1,2,57,1,1947,0,19
3,-0.7668108821400794,1,0,1,77,0,1978,0,27
3,-0.715891996568582,0,2,3,0,1,1954,0,17
4,0.5003686499814227,0,3,1,57,1,1954,0,26
1,-0.0759023338809547,0,2,6,24,1,1972,0,19
2,0.9392987865225138,0,0,1,55,0,1981,1,30
4,-0.05745007718302676,1,0,9,62,1,1958,0,17
2,-0.796147634561089,2,2,4,89,0,1968,0,17
2,0.6041684332290073,0,1,2,77,1,1976,0,29
2,-0.3903848455023494,1,0,3,45,1,1966,0,25
4,-0.8391250425663894,0,0,1,46,0,1989,0,21
1,-0.4898401733754851,1,0,1,80,0,1985,0,18
4,0.5272762445586544,0,3,1,60,2,1967,0,20
4,-0.7113139683245392,1,3,3,71,1,1959,0,24
4,0.7999959270966375,1,3,2,43,0,1970,0,23
4,1.2055718578597017,0,3,2,97,1,1967,3,14
4,-0.6553966233437297,0,0,2,49,0,1985,1,19
2,1.6187155495976124,0,2,1,66,0,1951,0,21
3,1.3165189709168634,0,3,1,20,0,1986,5,13
1,0.9658793790823137,0,3,1,54,0,1955,1,18
2,0.7968193360701588,0,3,4,61,1,1970,0,11
1,-1.4839263063676538,0,2,1,18,0,1991,0,11
2,-1.1391727508468734,1,3,4,45,0,1975,0,15
0,-1.6862471260099978,1,0,1,26,0,1979,0,18
4,-0.11280684727681059,1,3,2,0,0,1976,0,14
2,-0.8750018353360316,1,3,1,28,0,1980,0,25
2,0.863340889330537,0,2,1,49,0,1978,1,22
2,-0.6412421074463318,1,2,4,84,1,1971,0,25
4,-1.3736331973453553,1,3,4,38,1,1955,0,11
4,-1.327759485757089,1,3,1,53,0,1983,0,30
2,-0.11892645646017404,0,3,2,88,1,1952,0,22
2,-0.45443052634503095,1,3,1,99,1,1969,0,27
3,1.2533608669786391,0,1,1,12,0,1980,0,8
2,0.21372802441563576,0,2,4,35,1,1968,2,19
2,0.2985616906521855,0,0,4,5,1,1971,0,13
2,1.3667838524534974,0,0,1,77,0,1989,0,19
2,-0.13401526383594803,0,0,3,45,1,1951,0,19
3,0.459119681211118,0,1,1,71,0,1987,0,19
4,-1.5784766039793148,1,3,1,40,0,1985,0,14
1,-1.290387826622045,1,0,1,82,0,1981,0,8
2,-1.5760007315616182,0,3,1,70,0,1990,0,12
2,0.4847192677186231,0,1,2,87,1,1952,0,17
1,-0.4636800119809543,1,2,1,95,1,1971,0,9
4,1.6173141123800483,0,3,0,72,0,1983,5,14
4,-0.49152189803656204,1,1,1,5,1,1957,0,9
3,1.015863973175435,0,1,2,86,2,1951,0,27
2,0.42534504426782205,0,3,5,80,1,1976,0,8
3,-0.6309649011841947,1,3,3,62,1,1955,0,27
2,-1.5696475495086606,1,0,3,49,0,1989,0,23
4,0.14262844291121468,0,2,6,85,1,1973,0,27
0,-1.97307460987146,1,2,4,7,0,1973,0,10
4,-0.6439048381597037,1,3,3,6,0,1984,0,21
3,0.3128563502713398,0,2,4,25,1,1956,5,9
2,0.007389751416274459,0,2,2,55,1,1965,0,8
2,0.6004779818894217,1,3,1,81,0,1978,0,25
4,0.1057239295153588,0,3,1,98,1,1973,0,27
2,1.4739937995971548,0,3,1,31,0,1986,1,30
3,1.1940800726756757,0,3,1,30,1,1959,1,20
2,-0.5047421224555838,0,2,1,98,1,1978,0,16
2,1.3285246164139963,0,3,1,92,0,1966,5,11
0,-1.5515222948281644,1,0,2,41,0,1992,0,29
2,-0.7830675538638235,1,2,6,68,0,1984,0,11
2,0.38638508961953877,0,0,2,78,1,1956,0,17
2,-1.3944678973131424,1,3,2,46,1,1977,0,29
2,-0.3534803321064935,1,2,5,71,1,1974,0,21
4,0.16187484736576233,0,3,4,6,1,1976,3,11
2,-1.60094631403426,1,3,1,82,0,1979,0,13
4,1.893443958814104,0,3,1,71,0,1983,1,17
2,1.7898310338621948,0,0,1,32,0,1991,1,24
4,1.4300353855395593,0,1,0,28,0,1962,5,28
4,-0.6281153121751476,1,0,5,20,0,1982,0,25
3,-1.649295898040223,1,0,3,10,0,1979,0,28
2,-0.4378468526038552,1,2,5,7,1,1955,0,10
0,-1.3280864877745204,0,0,1,67,1,1965,0,13
3,1.0708003121039495,1,2,4,48,1,1961,0,15
2,0.8944995101343798,0,3,2,61,1,1951,0,14
4,-0.23585303497894275,1,2,2,36,1,1964,0,27
2,-1.5541383109676175,0,3,1,77,0,1959,0,12
2,-0.687396106478111,1,1,1,90,1,1955,3,16
2,1.4233084868952515,0,2,1,35,0,1966,5,27
1,1.0923357306805186,0,0,1,38,1,1958,0,17
2,0.8448419180586901,0,1,4,46,1,1954,0,14
2,1.2700379698676525,1,0,2,33,1,1967,0,28
2,1.1902027630404148,0,3,1,70,0,1963,5,23
2,0.14132043484148815,0,3,4,51,1,1959,1,29
4,-0.4463956196309965,1,3,1,18,0,1971,0,24
2,0.17761765877639957,0,2,2,97,1,1964,4,28
2,-0.6851538069300084,1,2,5,32,0,1983,0,16
4,-0.2981702765866285,0,0,1,9,0,1945,0,29
2,0.8577818550341991,0,2,1,6,0,1947,0,13
4,0.286229043137621,0,1,2,80,1,1969,0,13
2,1.3937848761785667,0,3,1,74,0,1952,0,10
0,-1.1010536585291286,0,2,1,49,0,1947,0,11
3,0.6949348503532452,0,3,1,21,0,1946,0,21
2,0.8381617339883011,0,1,3,95,1,1969,0,17
4,1.3267494626050818,0,3,2,56,0,1949,1,15
4,0.5317608436548596,0,2,3,48,1,1961,4,10
2,-0.32559173147696696,0,3,5,26,1,1974,0,9
1,-0.9389540870308756,1,0,1,3,0,1980,0,26
4,-0.018209835091230635,0,1,4,39,1,1949,4,14
2,-1.0084186584481385,1,1,3,33,1,1971,0,12
0,-1.6791465107743395,1,0,4,42,1,1979,0,15
2,-0.5063304179688232,1,3,3,80,1,1968,0,23
3,-0.5697220947766415,1,0,2,9,0,1971,0,20
4,-0.618211822504361,1,3,2,52,1,1955,0,29
2,1.2156154912522448,1,3,3,78,0,1972,0,17
1,0.5113465748523419,0,3,3,68,1,1964,0,21
1,-1.7950453686668943,1,1,2,45,0,1979,0,15
2,0.3513958737543539,0,2,2,47,1,1975,0,22
2,0.9416812297923728,0,3,1,34,1,1977,0,20
1,-1.4016152271227194,1,3,2,81,0,1986,0,21
2,0.7087623642332115,0,3,3,72,1,1956,0,15
4,-0.7080439481502229,1,0,1,23,0,1980,0,30
2,0.9293485822778083,0,2,1,29,0,1982,0,17
0,-1.1075936988777613,0,3,1,80,0,1961,0,30
3,-0.19390334759985592,0,3,2,30,1,1975,3,22
4,-1.2355916314152868,1,1,3,15,0,1974,0,9
4,-0.04422985276400497,0,3,1,86,0,1946,0,16
2,0.8706283628618705,0,0,1,68,0,1985,0,10
4,1.5636390669473414,0,2,1,54,0,1952,0,18
2,-0.43420311583818844,0,3,1,44,1,1967,0,27
2,-0.4378468526038552,1,2,5,7,1,1955,0,10
2,-1.0370079776864471,1,0,4,87,0,1985,0,8
4,-1.0737723473605465,0,3,2,59,0,1977,0,10
4,-0.5850444750220095,1,2,1,16,0,1973,0,20
1,0.626497999562196,0,3,1,1,0,1984,0,20
0,-1.4838795917937349,1,0,2,64,0,1979,0,12
4,-0.4431255994566802,1,0,3,72,1,1976,0,26
2,0.5900606319055282,0,3,1,98,0,1968,0,10
2,0.9003388318742305,0,2,2,91,1,1959,0,23
2,-0.8109094399194312,1,2,5,8,1,1971,0,13
2,-0.23613332242245558,1,0,4,20,1,1967,0,11
2,-0.1338284055402728,0,3,5,6,1,1973,0,9
2,-0.742005443389194,1,2,1,54,0,1983,0,24
1,0.41483426513609095,1,2,13,72,1,1979,0,8
2,1.183709437265701,0,2,1,46,1,1979,0,23
2,-0.8377236053488253,1,2,3,11,1,1950,0,20
4,-0.14205017054998248,1,0,2,21,1,1963,0,28
1,1.409060541850016,0,2,1,89,0,1962,5,20
2,-0.6662344044928924,1,0,1,82,0,1976,0,26
2,-0.8354813058007227,1,2,5,69,1,1952,3,19
3,-1.094934049345765,1,3,1,55,1,1960,0,18
2,0.4940621825023841,0,0,1,13,1,1955,0,22
3,-0.7327559577532706,1,0,2,80,0,1977,0,28
2,0.5346571472378255,0,2,2,97,2,1964,1,30
1,1.1125164266134424,1,2,1,27,0,1981,0,29
2,1.235936330906925,0,2,2,99,1,1976,0,30
2,1.1091529772912885,0,2,1,87,1,1974,5,10
3,0.3469112746581486,1,2,2,85,1,1951,0,16
2,-0.6955244423399831,1,0,9,30,1,1966,0,15
2,-0.33960610365260846,1,3,2,82,1,1951,3,25
2,0.0942788589052516,0,2,5,21,1,1958,0,18
4,-2.093504781434139,0,0,0,92,2,1966,0,24
2,-1.5536244506545107,1,0,4,95,1,1964,0,18
2,1.7943156329584,0,3,1,2,0,1956,0,28
4,0.5232120766277183,0,0,1,74,0,1974,3,11
2,-0.6633848154838453,1,2,2,49,1,1966,0,10
4,-0.24300036478851988,0,0,6,71,1,1963,0,11
3,1.2975061393319098,0,3,1,72,0,1969,1,30
2,0.525454376175821,0,2,1,68,0,1992,1,13
2,0.9395323593921078,0,1,3,4,1,1954,0,14
4,-1.406987403123382,1,2,1,80,0,1983,0,19
1,0.30939947180134825,0,2,2,15,1,1982,4,21
2,0.9493891344889756,0,0,1,70,0,1951,0,19
2,-0.07342646146325804,0,3,3,91,2,1956,0,20
4,-0.9051327355136608,1,2,1,10,1,1961,0,30
2,0.49560376344170465,0,2,3,99,1,1962,1,28
3,-0.3421286906442239,1,1,2,25,1,1971,0,22
3,-0.8708909528311768,1,0,3,34,1,1971,0,22
2,0.5609574523541128,0,3,3,57,1,1968,0,20
1,0.025888722688121205,0,2,2,84,0,1978,0,9
2,-1.2456819793817486,1,3,1,51,0,1969,0,21
4,0.10053861181037146,0,1,2,97,1,1965,0,20
2,1.2349086102807112,0,2,1,13,0,1986,0,14
3,1.3444542861203088,0,3,1,92,0,1958,0,17
3,-1.3682610213446926,1,2,3,30,0,1975,0,17
2,-1.0614864144199008,1,0,2,30,0,1987,0,22
2,-0.3292354682426338,0,2,3,11,1,1959,0,15
4,0.12772649383111592,0,3,8,72,1,1962,0,14
2,-0.17624523865854766,1,2,3,39,0,1974,0,27
2,0.1331453844056973,1,3,4,0,1,1977,0,21
2,-0.4848417139661729,1,2,3,15,1,1978,0,12
4,1.3256283128310304,0,3,1,12,0,1970,0,21
2,-0.19693979490457825,0,3,3,56,1,1957,4,15
1,0.5144764513049018,0,3,2,39,1,1955,0,8
4,0.2510529689767609,0,1,11,55,1,1954,0,9
4,-0.917745670471738,1,2,3,60,0,1982,0,14
3,1.5413095006141526,0,1,1,73,0,1953,1,18
3,-1.1626234669541136,1,1,2,90,0,1968,0,28
3,0.7562710859086361,0,2,1,86,0,1957,0,20
3,0.6435488190425598,1,2,5,37,1,1965,0,24
4,1.6292730433032623,0,3,1,7,0,1975,1,9
4,-2.239300966634729,1,3,15,29,1,1963,0,30
2,-1.021452024571485,0,3,1,19,0,1990,0,19
4,0.2684307904745563,0,3,3,14,1,1966,0,25
2,-1.258995632948608,1,0,2,72,0,1988,0,26
1,1.4620815832478595,0,0,1,56,0,1995,3,9
2,-1.3864329905991077,1,2,1,85,0,1975,0,17
4,0.9436432418969626,0,3,1,62,0,1978,0,10
2,0.5746448225123225,0,2,1,1,0,1961,0,13
4,1.4376031465144057,0,0,1,28,0,1984,0,21
3,1.043191998917936,0,1,4,70,1,1971,1,20
3,0.29234865232098445,2,0,1,84,1,1951,0,11
3,-1.4451064954411268,0,2,1,89,0,1976,0,19
4,0.8482053673808442,0,3,1,73,0,1972,0,13
2,0.09563358154889695,1,2,2,42,0,1985,0,9
4,0.7990149210443426,0,3,1,16,1,1966,0,11
1,-1.8924452552876028,0,1,1,16,0,1975,0,24
2,0.4608948350200326,0,0,1,56,1,1979,0,20
2,0.884175589298324,1,3,1,65,0,1971,0,22
2,0.8011637914446076,0,3,1,10,0,1982,5,11
2,0.385357368993325,1,1,11,13,1,1973,4,10
3,-0.8908380758945065,1,2,3,78,1,1968,0,21
2,-0.8044628287186362,1,0,1,51,0,1984,0,29
3,-1.000664039177617,1,2,4,27,0,1971,0,10
1,1.418590314929452,0,2,1,30,0,1977,1,27
4,-1.1826640191652809,1,1,2,71,0,1967,0,27
2,0.839609885779784,0,1,2,97,1,1964,0,18
2,-0.3482950144015062,1,0,2,83,1,1972,0,28
4,0.3849836524019746,0,0,6,3,1,1948,0,13
2,-0.10841567732844293,0,1,1,71,1,1952,0,28
1,-1.3140254010249601,0,0,1,3,0,1987,0,26
3,-0.88327031491966,0,1,3,15,0,1959,0,8
2,0.978492314040391,0,3,1,52,0,1958,1,25
4,0.828865533778459,0,2,2,8,1,1951,0,14
2,0.8568008489819042,1,1,3,89,0,1975,0,19
4,0.8728239478360543,0,3,1,66,0,1984,0,10
4,-1.0072975086740872,1,3,2,22,0,1969,3,28
4,-0.06272882403585171,0,1,2,56,1,1968,0,28
3,0.5051335365211408,0,0,1,74,1,1969,4,17
4,-1.01187553691813,0,0,1,48,0,1985,0,29
2,0.021217265296240715,1,0,2,67,0,1984,0,11
4,-0.3645516861252503,1,3,1,24,1,1957,0,25
4,1.6359532273736515,0,1,1,67,0,1971,3,23
2,1.1479260736438965,1,2,4,38,1,1975,0,21
2,-0.4614377124328517,1,3,2,86,0,1982,3,14
4,0.7281489124095155,0,3,1,90,0,1988,0,8
3,1.7032689283906493,0,2,1,87,0,1989,1,29
2,-0.9717010033479577,1,3,2,62,0,1985,0,13
2,0.4537007906365366,0,1,8,23,1,1968,1,30
2,0.8296596815350786,0,0,1,99,0,1974,0,29
2,-0.13074524366163168,0,1,2,29,1,1949,0,22
0,-1.2648816692623774,1,2,1,52,0,1978,3,9
4,1.820662652648606,0,0,1,90,0,1954,5,27
4,2.885801652571277,0,0,0,9,0,1945,0,29
4,0.34256681928369975,0,2,2,71,1,1950,0,18
4,-0.2896215095594872,1,3,2,13,1,1964,0,14
2,-1.3925993143563902,0,0,1,16,0,1983,0,28
3,1.0013824552606054,0,3,1,94,0,1987,0,27
2,-1.0342518178252376,1,1,3,77,0,1971,0,22
2,-0.29293824430772236,0,3,2,20,1,1968,4,25
2,0.5073758360692435,0,3,1,51,0,1954,0,17
4,0.39857759341234683,0,3,4,81,1,1971,0,21
2,-0.8746748333186,1,2,1,71,0,1986,0,26
2,-0.7594766940348271,0,3,1,36,0,1959,0,15
3,-0.9540896089805683,1,3,1,95,0,1980,3,21
1,1.8964804061188265,0,2,0,32,0,1960,0,28
2,0.7205811514346692,0,0,2,32,1,1970,4,11
3,1.3366996668497872,0,2,1,85,0,1971,0,10
2,1.2104301735472573,0,3,3,93,1,1967,1,8
4,0.01491079781720205,0,1,6,24,1,1963,0,13
2,0.24049547527111098,0,0,7,44,1,1968,2,8
2,-1.542973527801023,0,3,1,15,0,1990,0,14
4,-0.7437338826241898,1,0,2,82,0,1981,0,17
2,-1.4845335958285981,0,0,1,27,0,1976,0,14
4,-0.828193832269389,1,2,1,72,1,1965,0,12
1,-0.9380665101264183,0,0,1,7,1,1977,0,30
1,0.886324459698589,0,3,2,57,1,1972,0,25
2,1.8354244580069485,0,0,0,84,0,1956,1,10
3,1.1977238094413425,0,0,1,53,0,1943,5,22
2,1.3558059275825785,1,0,3,48,1,1959,0,13
3,-1.3667661549792909,1,3,1,2,0,1977,0,21
4,0.15197135769497566,0,3,3,65,1,1969,2,11
2,0.8716093689141654,0,3,1,45,0,1970,0,18
2,0.6021597065504987,0,0,1,42,0,1957,0,11
3,0.501489799755474,1,3,5,29,1,1965,0,18
4,0.4651925758205626,1,3,1,83,1,1974,0,23
4,0.724692033939524,0,3,2,93,1,1947,0,21
3,-1.4434714853539685,1,3,3,40,0,1982,0,25
3,-1.0471450402268276,2,3,2,47,0,1968,0,28
2,1.118542606648968,0,3,2,50,1,1951,0,16
1,-0.7929710435346101,1,2,2,40,1,1975,0,9
4,0.14197443887635142,0,0,5,3,1,1956,0,15
4,0.11198368242047867,0,1,3,62,1,1949,0,11
3,-0.8276332573823634,0,3,1,25,1,1959,0,27
2,-1.2402163742332484,1,3,1,48,0,1973,0,20
4,0.999560586877772,0,3,1,56,0,1984,1,26
2,-1.104276964129526,0,2,1,68,1,1950,0,13
2,-1.3171552774775201,1,0,1,64,0,1977,0,8
2,0.9628429317775914,0,3,1,67,0,1984,0,28
3,-0.8142261746676664,1,3,2,94,0,1976,0,9
2,0.8797844193499562,0,1,2,82,0,1951,0,14
2,0.5256412344714962,0,3,2,3,0,1982,0,11
3,1.4916986231123819,0,3,1,24,1,1974,0,30
2,-0.7424725891283821,1,0,3,54,1,1968,0,15
2,-0.5634156272976029,0,2,2,20,1,1954,0,14
4,-0.03820367272847914,0,0,1,96,0,1940,0,19
2,0.23264742685275178,0,3,2,19,1,1976,0,21
2,1.3506673244515097,0,0,1,60,0,1951,0,29
4,0.9518650069066722,0,2,1,2,0,1976,0,8
4,0.45963354152422486,0,0,1,13,0,1964,0,23
4,1.162407591558726,0,1,1,37,0,1950,0,29
2,-1.05018148753155,1,2,1,59,0,1976,0,25
2,-0.23174215247408791,0,0,5,55,1,1956,3,10
2,2.096745784508743,0,0,1,60,0,1990,5,16
4,0.21452217217225544,1,1,3,48,1,1950,0,29
3,0.8452623492239595,0,3,3,38,1,1965,0,19
4,0.920799815250667,0,1,1,8,0,1962,2,19
2,-0.3550219130458141,1,3,3,19,1,1978,0,30
2,-0.5172149136919048,1,0,3,32,1,1952,0,17
2,-0.14396546808065347,0,1,1,27,1,1966,0,25
2,1.052301340832103,0,2,1,58,0,1947,0,20
2,0.5846417413309468,0,2,2,59,1,1972,0,22
2,1.1803459879435472,0,2,2,29,1,1963,0,26
2,0.9662530956736641,0,1,1,60,0,1949,1,14
3,1.5779804411404146,0,2,1,41,0,1978,4,25
2,0.1741140657324892,0,1,2,27,1,1966,3,14
2,-0.6024690110937237,1,0,1,28,0,1983,3,27
2,-0.8109094399194312,1,2,5,8,1,1971,0,13
2,-0.5215593690663536,0,3,2,18,1,1975,0,16
1,0.1275863501093595,1,3,3,76,1,1971,0,23
2,-2.2203815641976132,0,3,0,0,1,1969,0,22
1,-0.9028437213916394,0,3,2,32,0,1963,0,8
4,-0.6410552491506566,1,0,4,2,1,1968,0,21
2,-0.7090249542025178,1,3,1,16,0,1979,0,28
3,-0.9610967950683891,1,0,1,56,0,1984,3,12
2,-1.2794566163250445,1,3,3,97,0,1984,0,14
4,-1.2355916314152868,1,1,3,15,0,1974,0,9
2,1.9939270073134534,0,3,0,35,0,1951,1,26
3,0.31238920453215174,0,3,1,3,1,1962,0,18
2,0.058028349544258985,1,0,8,49,1,1975,0,14
2,-1.399793358739886,0,2,1,4,1,1957,0,12
2,0.2407757627146238,1,3,6,45,1,1978,0,14
2,-0.027365891579316397,0,3,1,37,0,1991,0,18
2,-1.3305156456182983,1,3,3,39,0,1986,0,22
2,0.2876304803551851,0,3,2,38,1,1956,0,28
4,0.9814353321972757,0,1,1,8,0,1963,1,24
3,-0.568414086706915,0,3,2,89,1,1971,0,15
3,1.8570533057313552,0,0,0,47,0,1947,5,22
2,1.9859855297472566,0,0,1,75,1,1958,4,28
2,-1.7885520428921806,1,2,2,86,1,1960,0,16
1,2.082918270628777,0,3,0,4,0,1980,1,29
2,1.272794129728862,0,3,1,73,0,1975,1,8
4,0.2148958887636059,0,2,3,46,1,1975,0,12
4,-0.9022831465046137,1,3,4,38,0,1973,3,13
1,0.7262803294527633,0,0,1,73,1,1980,0,25
2,-1.2964607212314896,1,0,1,66,0,1970,0,15
4,-1.0996055067376456,1,1,1,36,0,1967,0,24
2,-1.3537795034298632,1,3,3,29,0,1970,0,9
2,-0.8726193920661726,0,0,1,29,0,1966,0,30
3,-0.25860303247740074,1,0,3,6,1,1972,0,21
2,-1.0086055167438137,0,3,2,97,1,1977,0,23
2,0.5477372279350909,0,3,3,61,1,1970,0,11
2,-0.48213226867888226,0,1,4,68,1,1964,3,14
4,0.7869625609732909,0,1,1,73,1,1959,0,21
4,0.6472392703821453,0,2,3,90,1,1966,0,27
2,0.9345338999827957,0,1,1,81,0,1958,0,17
2,-0.598544986884544,1,0,3,1,0,1986,0,14
2,2.098287365448064,0,2,1,79,0,1977,1,20
0,-0.818150198876846,0,3,6,92,0,1981,0,13
2,0.7624841242398371,0,0,1,31,0,1958,0,8
1,-0.6855275235213588,1,3,1,46,1,1975,0,15
2,-0.7086045230372485,0,3,1,14,0,1983,0,15
2,-1.1218883584969155,1,2,3,89,1,1967,0,16
2,-1.3872271383557275,1,1,2,31,1,1951,0,27
2,-1.0136039761531257,1,2,1,75,2,1972,0,9
2,-1.0918041728932053,1,2,3,42,0,1978,0,26
3,-0.380434641257644,1,3,1,53,0,1982,0,16
2,-0.17582480749327842,1,3,6,53,1,1956,0,25
3,1.171049787733705,0,3,2,23,1,1952,0,26
4,0.9045431435269229,0,3,2,57,1,1965,0,14
3,-0.8966306830604382,1,3,2,49,0,1979,0,26
2,-1.041118860191302,1,2,1,6,1,1965,0,15
2,-1.3400921332716533,0,1,1,29,0,1953,0,22
3,-0.09561588407469038,0,2,4,5,1,1949,3,9
1,-2.0768743931190445,1,2,4,98,0,1985,0,8
4,0.7548229341171531,0,1,2,80,1,1947,3,15
2,0.7131535341815791,0,3,3,4,1,1955,0,23
2,-1.6027681824170934,1,3,3,70,0,1976,0,23
2,0.18476498858597673,0,2,4,32,1,1975,0,16
2,-0.5558945808966752,1,3,1,82,0,1984,3,21
2,0.41791742701473206,0,2,2,27,1,1950,0,24
2,1.091775155793493,1,3,4,94,1,1977,0,10
2,0.4078270790482702,0,0,4,23,1,1951,0,18
2,-0.6203139783307072,1,3,1,97,0,1984,0,15
2,0.4417885742872414,0,2,1,25,0,1982,3,14
2,-0.10238949729291709,0,0,1,92,0,1991,0,17
2,1.4628290164305604,1,0,10,98,2,1970,0,9
2,-1.0720906226994695,1,3,2,19,0,1981,0,23
3,-0.32241514045048825,1,3,1,80,0,1979,0,24
2,-0.6917872764264787,1,3,8,80,0,1971,0,9
2,-0.4175727275230939,1,0,3,79,0,1970,0,23
2,0.055832764570075154,0,3,1,50,1,1959,0,30
2,0.6236016959792301,0,3,1,60,0,1973,1,21
2,1.1448896263391741,1,0,2,44,0,1970,0,8
1,1.3587022311655443,0,3,1,0,0,1947,0,24
2,-0.891678938225045,1,3,1,28,1,1951,0,15
2,0.17948624173315178,1,0,6,35,1,1975,1,21
2,1.1380225839731097,0,1,2,49,1,1959,0,30
3,-0.7022046264103722,1,0,2,46,1,1955,0,30
2,-0.14784277771591428,1,2,1,97,1,1953,0,30
2,-1.3304689310443796,0,0,1,51,0,1965,0,15
2,0.8954805161866747,1,1,3,80,0,1973,0,10
4,0.8511483855377289,0,1,3,10,1,1976,0,19
2,0.35050829684989654,0,3,2,29,1,1950,0,13
3,3.398932597978631e-16,1,2,7,52,1,1969,0,17
2,-0.635215927410806,1,2,3,74,0,1969,0,24
4,3.398932597978631e-16,1,0,2,82,0,1981,0,17
4,0.8445616306151773,0,2,1,54,0,1982,0,22
2,-0.43934171896925694,1,2,2,93,1,1978,0,13
2,0.7234307404437162,0,3,5,63,1,1974,0,8
2,0.7047916254501131,0,1,2,92,1,1951,0,13
2,-0.45625239472786433,0,3,1,40,0,1948,0,21
4,1.1982843843283681,0,3,2,70,1,1952,0,10
2,-0.9435321152749184,1,3,2,96,0,1984,0,28
2,-0.8225880833991325,1,2,1,81,0,1979,0,22
2,0.12296160729139782,0,2,3,63,1,1949,0,20
2,0.9299558717387527,0,3,1,85,1,1956,0,24
2,-1.2456819793817486,1,3,1,51,0,1969,0,21
4,-0.4652215929202749,0,0,2,23,0,1987,0,13
2,0.8203634813252364,0,3,1,95,0,1983,0,19
2,0.5958065244975412,1,1,2,11,0,1970,0,26
3,-1.1244109454885312,1,3,1,42,0,1977,0,19
0,-1.3937671787043602,0,1,1,77,0,1960,0,27
2,3.398932597978631e-16,1,3,4,82,1,1971,0,15
3,3.398932597978631e-16,0,2,2,83,1,1954,0,18
2,-1.1284283988455484,1,3,2,40,0,1973,0,8
2,3.398932597978631e-16,0,0,3,95,1,1955,0,22
2,-0.014379240029888631,0,3,4,32,1,1960,0,11
2,0.7721073264671109,0,3,1,48,0,1988,0,13
3,3.398932597978631e-16,0,1,1,75,0,1943,5,22
2,0.22596724278236266,0,3,3,24,1,1969,0,14
1,1.6369342334259462,0,3,1,61,0,1992,0,12
2,1.3016637364106836,0,3,1,6,1,1959,4,27
2,-0.9871168127411634,1,0,2,16,0,1980,0,22
3,-0.8338462957135645,0,3,1,39,1,1971,0,23
3,0.0657829688147806,1,1,7,2,1,1974,0,20
0,-1.3812943874680392,0,2,1,49,0,1969,0,22
2,0.9045431435269229,0,2,1,31,1,1976,0,29
2,1.2746159981116953,0,0,1,58,0,1993,1,12
3,-0.09561588407469038,0,2,4,5,1,1949,3,9
4,-0.15228066223820075,1,3,1,90,1,1950,0,17
2,1.3166591146386197,0,2,1,47,0,1975,0,21
2,0.10712536673292296,1,0,5,25,1,1956,0,17
3,1.4000446290836865,1,3,2,60,0,1976,3,9
2,1.126250511345571,0,3,1,67,1,1975,2,11
3,0.058168493266015406,1,3,1,40,1,1976,0,27
4,0.7451997318898793,0,2,3,63,1,1949,0,29
1,-1.7360448618074438,1,3,2,1,0,1984,0,9
4,1.2224825336183092,0,3,2,89,1,1974,4,26
0,-1.7644473227500772,0,3,1,40,0,1972,0,14
0,-1.4730885252184909,1,3,2,5,0,1986,0,10
3,0.31238920453215174,0,3,1,3,1,1962,0,18
2,0.9813886176233569,0,1,2,1,1,1970,3,12
3,-0.17792696331962465,0,3,3,24,1,1949,0,18
2,1.418870602372965,0,0,1,89,0,1961,5,9
2,0.2950580976082751,1,1,6,48,1,1955,0,18
4,-0.327273456138044,0,2,1,31,0,1981,3,12
2,-0.8115167293803757,1,2,2,68,1,1953,0,29
3,-0.4176661566709315,0,2,1,46,1,1974,0,23
3,-0.2906959447596197,0,3,5,92,1,1954,0,19
3,0.6781643183163942,0,2,2,80,1,1969,0,24
1,-1.1316984190198647,1,3,2,16,0,1981,0,20
4,0.8336771348920958,0,2,2,50,1,1952,0,25
3,0.9463526871842532,0,0,1,93,0,1962,0,16
2,-1.221156828074376,1,1,1,51,0,1971,0,10
3,-0.6750167443896278,1,2,2,24,0,1976,0,9
1,-1.2511475845302489,1,2,1,79,1,1976,0,20
2,-0.3911322786850503,0,3,3,26,1,1980,0,8
1,0.05938307218790433,0,3,4,86,1,1956,0,8
2,-0.08608611099525418,1,2,2,68,1,1957,4,30
2,1.539113915639969,0,2,1,98,0,1972,2,22
2,0.43571567967779673,0,3,2,34,1,1966,0,20
4,1.4189173169468838,0,3,1,60,0,1986,5,15
4,0.6194908134743753,0,2,4,3,0,1965,0,9
2,-0.8580911595774242,2,2,1,65,1,1974,0,23
2,-0.9794556226184794,1,1,1,83,0,1976,0,16
3,0.9506504279847833,0,0,1,64,0,1976,1,15
4,4.903404100124462,0,3,0,85,0,1949,0,20
0,-1.6795669419396086,1,3,3,69,0,1980,0,8
3,0.6319636047106962,0,0,3,48,0,1957,0,25
2,0.31453807493241676,0,3,1,21,1,1965,0,28
2,-0.5310891421457898,1,1,5,30,1,1969,3,22
2,-1.4655207642436445,1,0,1,39,0,1970,0,29
3,0.49882706904210217,0,1,1,76,1,1954,0,27
3,-1.0521902142100585,1,1,4,11,1,1966,0,8
2,-1.5234935504768814,1,1,1,26,0,1974,0,25
2,-0.755412526103891,1,3,2,34,1,1971,0,25
2,-0.6989346062360559,1,1,5,72,1,1968,0,14
2,-1.3276193420353324,0,3,1,13,0,1957,0,26
2,0.6247695603272002,0,0,7,58,1,1973,4,25
2,1.2398136405421858,0,0,1,12,0,1957,5,23
4,-1.0383159857561737,1,2,1,23,0,1971,0,27
3,-0.49908965901140845,1,2,4,33,2,1960,0,27
4,0.5398891795167317,1,2,4,30,1,1973,0,19
4,-0.4292980855767139,0,3,2,15,1,1962,0,22
3,-0.11149883920708405,1,3,2,25,1,1958,0,24
2,0.805835248836488,0,3,2,4,0,1972,1,9
2,-1.6261721839504146,1,3,4,80,0,1976,0,25
2,-0.5310891421457898,1,1,5,30,1,1969,3,22
3,-0.9996363185514031,1,2,1,6,0,1976,0,18
1,-0.9255470043161785,1,3,2,16,0,1983,0,29
1,-0.4786286756349719,1,1,5,57,1,1964,0,28
3,-0.8307164192610046,0,2,1,9,1,1975,0,25
4,0.30472801440946773,0,3,2,59,1,1955,4,27
2,0.3609723614077089,0,0,1,78,1,1965,0,25
4,0.4174969958494628,0,3,3,90,1,1964,0,10
2,0.5155041719311155,1,2,1,74,0,1980,0,27
2,-0.21670005967223271,0,2,6,10,1,1957,0,20
1,1.0697725914777358,0,1,1,63,0,1949,1,18
0,-1.71469630152655,1,0,2,13,0,1992,0,22
4,-0.9529217446325982,1,0,2,98,0,1974,0,18
2,0.9395323593921078,0,1,3,4,1,1954,0,14
3,1.8318274358152005,0,0,0,94,0,1990,1,15
2,1.777077955182361,0,3,1,91,0,1984,1,24
2,-0.4667631738595954,1,0,1,66,1,1981,0,23
2,0.8083578358281035,0,0,1,14,1,1965,4,27
1,0.6421940963989144,0,1,1,77,0,1970,2,18
2,0.4192721496583774,0,2,2,41,1,1975,0,25
2,0.9345806145567145,0,3,3,21,1,1951,0,19
2,0.6190236677351872,0,3,2,25,1,1955,1,27
4,1.271345977937379,0,3,1,2,0,1975,1,13
3,1.3743983280022627,0,1,1,51,0,1967,0,12
4,-0.16475345347452167,0,0,5,3,1,1973,0,10
2,0.044621266829561974,0,3,2,32,1,1971,3,13
2,-0.6078879016683051,0,2,2,84,1,1955,0,22
2,-1.2095248991685936,1,3,3,49,0,1974,0,23
4,-0.35661020855905345,0,3,4,69,1,1972,4,15
2,-0.4407898707607399,0,3,1,96,0,1964,0,28
0,-1.1899047781226955,1,0,3,23,0,1978,0,17
1,0.05952321590966075,0,3,1,18,1,1957,0,27
2,0.7360903899757123,0,3,4,8,1,1960,4,13
3,1.1340051306160925,0,3,1,21,1,1972,4,26
4,1.5022561168180317,0,3,1,60,0,1956,5,29
3,0.6319636047106962,0,2,3,48,0,1957,0,25
0,-1.248905284982146,1,3,2,36,0,1972,0,27
3,1.75913955879754,0,0,1,36,0,1983,0,14
2,-0.5188966383529817,1,1,1,63,1,1971,0,14
2,-1.144031066534429,0,3,1,2,0,1947,0,8
1,1.419571320981747,0,3,1,38,0,1957,1,11
2,1.020442001419478,0,3,2,61,1,1957,3,8
3,-2.015211155546222,1,0,4,52,1,1952,0,15
2,-0.40346492619961477,0,0,1,25,0,1974,0,28
2,0.16976961035804033,0,2,2,63,1,1973,3,20
2,-0.06810100003651429,1,3,7,10,1,1954,3,18
2,-0.694823723731201,1,3,4,65,1,1975,0,30
0,-1.6711583186342238,1,0,2,71,0,1990,0,20
2,0.26964536939644523,0,0,4,0,1,1969,0,11
4,-0.16475345347452167,0,0,5,3,1,1973,0,10
2,1.0206288597151532,0,3,2,88,1,1978,0,13
2,-1.542973527801023,0,3,1,15,0,1990,0,14
2,-0.7505074958424165,1,0,6,80,1,1968,0,10
2,0.4230093155718818,0,3,4,17,1,1980,0,8
2,-0.9256404334640161,1,2,4,76,1,1954,4,27
0,-1.7303456837893496,0,2,1,52,1,1963,0,12
2,-0.31825754337171464,1,1,2,28,1,1963,0,19
1,-0.4760126594955188,0,1,6,31,1,1955,0,14
2,1.698831043868363,0,2,1,42,0,1981,0,26
3,-0.649557301603879,1,1,2,24,1,1950,0,29
1,1.3387551081022147,0,0,1,42,0,1995,0,10
2,-2.1794128828708215,0,3,0,12,1,1976,0,19
2,-0.7078103752806288,1,2,1,88,1,1954,0,12
2,-1.099278504720214,1,2,2,67,0,1983,0,15
4,1.4048562301973235,0,1,0,54,0,1948,0,28
2,-1.3633092765092993,1,2,1,40,0,1978,0,18
3,-0.5539325687920854,1,2,4,73,0,1985,0,10
2,0.2833794541285739,0,3,3,81,1,1979,0,23
3,1.1126565703351987,0,0,1,12,0,1982,4,19
1,-2.0768743931190445,1,2,4,7,0,1979,0,17
3,-0.8593991676471507,1,3,3,33,2,1963,0,30
4,0.2654877723176716,0,0,3,24,1,1970,3,25
2,0.3080914637316217,1,2,6,55,1,1968,0,9
2,0.5520816833095398,1,3,8,87,1,1979,0,15
2,0.28067000884128324,0,0,5,39,1,1962,0,15
1,3.398932597978631e-16,0,2,0,53,0,1978,4,8
2,-1.2858097983780021,2,3,2,9,0,1972,0,29
2,-1.9128128095162016,1,0,3,82,0,1984,3,15
3,-0.3343273567997835,0,0,2,71,0,1970,0,8
2,-1.1745356833034086,0,0,1,50,0,1986,0,8
2,-0.8192713486508973,1,3,1,81,0,1974,0,19
2,0.43277266152091204,0,3,2,46,1,1967,0,18
4,0.5631530373282966,2,2,7,56,1,1946,1,30
2,0.23460943895734157,0,1,1,91,0,1981,4,25
3,0.807516973497565,0,2,2,8,1,1956,0,25
4,0.04251911100321576,1,3,3,40,1,1954,0,10
