Dt_Customer,Education,Income,Kidhome,Marital_Status,NumDealsPurchases,Recency,Teenhome,Year_Birth,Succesful_cmp
04-09-2012,2,58138.0,0,0,3,58,0,1957,0
08-03-2014,2,46344.0,1,0,2,38,1,1954,0
21-08-2013,2,71613.0,0,2,1,26,0,1965,0
10-02-2014,2,26646.0,1,2,2,26,0,1984,0
19-01-2014,4,58293.0,1,3,5,94,0,1981,0
09-09-2013,3,62513.0,0,2,2,16,1,1967,0
13-11-2012,2,55635.0,0,1,4,34,1,1971,0
08-05-2013,4,33454.0,1,3,2,32,0,1985,0
06-06-2013,4,30351.0,1,2,1,19,0,1974,0
13-03-2014,4,5648.0,1,2,1,68,1,1950,3
15-11-2013,2,,1,3,1,11,0,1983,0
13-11-2012,0,7500.0,0,3,1,59,0,1976,0
15-11-2013,2,63033.0,0,1,1,82,0,1959,0
15-11-2013,3,59354.0,1,1,3,53,1,1952,0
10-10-2012,2,17323.0,0,3,1,38,0,1987,0
24-11-2012,4,82800.0,0,0,1,23,0,1946,1
24-12-2012,2,41850.0,1,3,3,51,1,1980,0
31-08-2012,2,37760.0,0,2,2,20,0,1946,0
28-03-2013,3,76995.0,0,3,2,91,1,1949,1
03-11-2012,1,33812.0,1,0,2,86,0,1985,0
08-08-2012,2,37040.0,0,3,1,41,0,1982,0
06-01-2013,2,2447.0,1,3,15,42,0,1979,0
23-12-2012,4,58607.0,0,3,3,63,1,1949,4
11-01-2014,4,65324.0,0,3,3,0,1,1954,0
18-03-2013,2,40689.0,0,2,7,69,1,1951,0
02-01-2013,2,18589.0,0,0,2,89,0,1969,0
27-05-2013,2,53359.0,1,3,4,4,1,1976,0
20-02-2013,2,,1,0,0,19,0,1986,0
31-05-2013,2,38360.0,1,3,2,26,0,1989,0
22-11-2013,4,84618.0,0,3,1,96,0,1965,5
22-05-2014,3,10979.0,0,1,2,34,0,1989,0
11-05-2013,3,38620.0,0,2,1,56,0,1963,0
10-10-2012,2,40548.0,0,2,2,31,1,1970,4
29-10-2012,4,46610.0,0,1,6,8,2,1952,0
20-02-2013,3,68657.0,0,3,1,4,0,1946,0
29-08-2013,3,49389.0,1,0,1,55,1,1951,0
31-12-2013,4,67353.0,0,3,5,37,1,1970,0
02-09-2013,1,23718.0,1,3,3,76,0,1976,0
11-02-2014,2,42429.0,0,1,2,99,1,1973,0
01-02-2013,4,48948.0,0,1,2,53,0,1943,3
29-04-2013,2,80011.0,0,3,2,3,1,1980,0
12-03-2013,3,20559.0,1,3,2,88,0,1985,0
24-12-2012,2,21994.0,0,2,1,4,1,1957,0
05-11-2013,4,,0,0,1,80,0,1959,0
02-10-2013,3,7500.0,1,3,3,19,0,1975,0
28-06-2014,2,79941.0,0,0,1,72,0,1976,0
09-11-2012,1,7500.0,0,3,3,24,0,1996,0
24-05-2013,2,41728.0,1,2,1,92,0,1968,0
01-01-2014,2,,2,0,3,96,1,1951,0
08-11-2012,4,72550.0,1,3,9,39,1,1954,0
12-05-2014,2,65486.0,0,1,1,29,1,1957,0
11-08-2012,3,79143.0,0,3,1,2,0,1964,0
02-01-2013,2,35790.0,1,0,2,54,0,1977,0
07-06-2014,2,82582.0,0,1,1,54,0,1977,1
12-06-2013,2,66373.0,1,3,7,57,1,1978,0
19-11-2012,3,82384.0,0,2,1,55,0,1955,5
02-04-2013,2,70287.0,0,1,1,30,0,1966,0
28-04-2014,2,27938.0,1,0,1,31,0,1988,0
17-06-2013,2,,1,0,2,57,0,1982,0
03-03-2014,4,55954.0,0,3,3,63,1,1968,0
04-07-2013,3,75777.0,0,0,1,12,0,1982,4
07-09-2012,2,66653.0,1,2,4,18,1,1975,0
18-02-2013,2,61823.0,0,0,4,26,1,1952,0
11-06-2013,4,67680.0,0,1,1,8,1,1951,0
06-12-2013,2,70666.0,0,2,1,29,0,1948,0
21-05-2013,2,25721.0,1,3,1,75,0,1971,0
11-05-2014,2,32474.0,1,2,1,0,1,1967,0
19-03-2014,1,88194.0,0,0,1,19,1,1979,1
27-09-2013,2,69096.0,0,2,1,4,1,1958,0
08-04-2013,2,74854.0,1,2,7,90,2,1970,0
11-09-2012,3,66991.0,0,3,3,1,0,1954,0
14-09-2012,1,,1,3,3,25,0,1973,0
17-03-2013,2,65031.0,0,3,4,29,1,1959,0
05-04-2013,4,60631.0,1,3,5,88,1,1975,4
30-04-2014,2,28332.0,0,3,1,58,0,1952,0
19-12-2012,2,40246.0,1,1,1,68,0,1977,0
27-08-2012,3,75251.0,0,3,1,34,0,1972,0
12-10-2012,2,75825.0,0,0,0,40,0,1976,3
04-09-2013,1,26326.0,0,2,1,12,0,1976,0
02-01-2013,2,56046.0,0,2,2,9,0,1965,3
29-08-2012,2,29760.0,1,0,4,87,0,1985,0
23-06-2013,2,26304.0,1,3,1,5,0,1969,0
03-07-2013,1,23559.0,1,3,3,87,0,1973,0
11-05-2013,3,38620.0,0,2,1,56,0,1963,0
25-02-2014,2,81361.0,0,1,1,18,0,1987,0
11-08-2013,2,29440.0,1,3,2,95,1,1960,0
16-07-2013,3,36138.0,1,3,5,48,1,1970,4
28-05-2014,2,50388.0,0,0,4,3,1,1957,1
12-05-2014,2,79593.0,0,3,1,70,0,1973,5
21-01-2014,2,54178.0,0,2,1,79,1,1967,0
19-11-2012,4,,2,3,12,4,1,1957,0
27-05-2014,2,,1,0,1,45,1,1957,0
23-11-2013,3,,0,2,1,87,0,1973,0
23-03-2014,3,42394.0,1,0,1,69,0,1972,0
24-05-2014,4,23626.0,1,3,3,84,0,1970,0
22-05-2014,2,30096.0,1,3,1,30,0,1983,0
22-11-2012,2,47916.0,0,1,5,72,1,1960,4
11-04-2013,2,51813.0,1,1,2,37,1,1972,0
01-12-2013,1,78497.0,0,3,1,44,0,1951,1
20-06-2013,4,50150.0,0,3,2,32,0,1983,0
23-07-2013,1,47823.0,0,0,2,0,1,1960,0
30-03-2014,4,34554.0,0,0,2,43,1,1959,0
20-04-2013,2,85693.0,0,2,2,59,1,1979,0
17-05-2013,4,65846.0,0,3,1,68,0,1945,0
08-05-2014,2,87195.0,0,3,1,35,0,1959,0
10-12-2013,0,24594.0,1,2,1,94,0,1979,0
24-09-2013,2,49096.0,1,3,4,15,1,1964,0
02-02-2013,2,52413.0,0,3,4,56,2,1969,0
19-12-2012,2,38557.0,1,0,2,17,0,1978,0
07-12-2012,3,89058.0,0,3,1,18,0,1960,0
02-11-2013,2,77298.0,0,2,1,46,1,1979,0
10-11-2012,4,68126.0,0,0,1,40,0,1991,4
25-06-2014,3,57288.0,0,2,3,27,1,1963,4
02-01-2013,2,86037.0,0,0,1,95,0,1991,4
12-12-2012,4,43974.0,1,3,5,19,0,1980,0
10-09-2013,2,50785.0,1,0,2,27,1,1962,0
24-01-2014,2,90765.0,0,3,0,25,0,1970,1
19-02-2013,1,36550.0,1,3,5,74,0,1978,0
11-07-2013,1,30753.0,1,2,2,85,1,1967,0
14-11-2013,2,21918.0,1,2,2,37,0,1969,0
20-06-2013,3,56129.0,0,2,4,65,1,1953,0
24-02-2014,3,32557.0,1,0,3,13,0,1967,0
04-09-2013,3,19510.0,2,3,2,63,0,1985,0
22-04-2013,2,30992.0,1,1,1,83,0,1976,0
12-03-2013,2,101970.0,0,0,0,69,0,1983,1
18-02-2013,1,71488.0,0,2,2,87,0,1965,0
21-04-2013,2,79607.0,0,0,1,37,0,1984,0
08-06-2014,3,54348.0,1,3,2,51,1,1953,0
11-07-2013,4,,0,3,3,23,1,1961,0
10-05-2014,4,77376.0,1,2,4,72,1,1956,0
30-09-2013,2,62998.0,0,3,5,10,1,1952,0
10-03-2013,3,61331.0,1,0,5,42,1,1958,0
10-02-2014,2,73448.0,0,3,1,10,0,1969,0
11-08-2013,2,,0,3,1,96,1,1963,0
14-08-2013,4,41551.0,1,3,5,51,1,1964,0
17-03-2013,4,62981.0,0,2,1,21,0,1967,4
08-08-2012,0,9548.0,1,1,2,31,0,1976,0
07-07-2013,4,33762.0,2,3,3,61,1,1959,0
19-05-2014,4,35860.0,1,0,2,37,1,1973,3
28-07-2013,4,36921.0,1,1,2,74,1,1965,0
19-10-2012,3,92859.0,0,0,1,46,0,1992,0
14-11-2013,3,65104.0,0,2,2,4,1,1976,0
19-04-2013,2,86111.0,0,3,1,73,0,1962,0
28-08-2013,4,68352.0,0,0,3,47,1,1974,0
19-03-2013,2,41883.0,1,2,3,13,0,1988,0
18-10-2012,2,59809.0,0,3,3,36,2,1976,0
28-10-2012,2,23957.0,1,3,1,47,0,1975,0
28-08-2013,2,38547.0,1,2,1,49,0,1981,0
22-08-2012,1,35688.0,2,3,7,94,1,1973,0
21-06-2014,3,49605.0,0,3,1,65,0,1966,0
24-04-2014,3,59354.0,0,3,1,59,2,1953,0
07-03-2014,2,65747.0,0,3,4,96,1,1969,4
14-12-2012,1,46344.0,0,2,4,28,1,1972,0
12-05-2014,2,34176.0,1,0,4,12,0,1988,0
09-10-2012,4,61010.0,0,2,2,57,1,1952,0
19-02-2013,2,69372.0,0,2,1,10,0,1949,4
08-07-2013,2,49967.0,0,0,3,4,1,1958,0
12-09-2013,2,60199.0,1,0,1,49,2,1978,0
17-10-2013,2,55375.0,0,2,1,3,1,1977,0
20-08-2013,2,80317.0,0,0,1,64,0,1955,0
01-07-2013,3,30523.0,2,0,1,0,1,1958,0
05-11-2012,4,70356.0,0,3,2,20,0,1945,0
05-01-2014,2,23228.0,1,3,4,91,0,1984,0
01-05-2013,4,74165.0,0,1,1,9,0,1975,0
01-03-2014,4,157243.0,0,3,15,98,1,1973,0
13-11-2013,2,43482.0,2,2,3,83,1,1966,0
18-11-2013,2,62551.0,0,1,1,27,0,1953,3
28-08-2013,2,52332.0,0,1,1,63,0,1959,4
02-11-2013,2,66951.0,0,0,1,46,0,1988,0
25-02-2014,2,26091.0,1,2,3,84,1,1957,0
21-04-2014,2,33456.0,1,2,2,58,1,1965,0
13-07-2013,2,28718.0,1,3,2,78,0,1982,0
21-04-2014,2,50447.0,2,3,1,4,0,1970,0
30-01-2014,4,53537.0,1,2,2,17,1,1959,0
04-04-2014,2,52074.0,0,0,1,77,1,1967,3
12-09-2012,4,80427.0,0,3,1,56,1,1975,0
16-12-2012,4,83837.0,0,3,1,79,0,1948,1
23-05-2014,4,38853.0,1,3,2,90,1,1970,0
24-06-2014,2,38285.0,2,2,1,96,1,1959,0
01-12-2013,1,78497.0,0,3,1,44,0,1951,1
11-05-2014,4,51650.0,0,3,1,81,1,1976,0
10-05-2014,1,16248.0,1,3,3,77,0,1988,0
28-09-2013,3,66835.0,0,3,1,21,0,1946,0
22-01-2014,3,30477.0,1,3,1,16,0,1984,0
15-06-2014,0,28249.0,0,3,1,80,0,1961,0
05-12-2012,2,25271.0,1,3,1,45,0,1983,0
08-03-2014,4,32303.0,0,0,2,63,1,1970,0
02-08-2013,2,61286.0,0,3,2,34,1,1966,0
19-03-2013,2,74068.0,0,3,1,14,0,1976,0
23-02-2013,4,45759.0,1,3,2,13,1,1964,0
09-09-2012,0,24882.0,1,2,1,52,0,1978,3
17-05-2013,4,66973.0,0,2,1,98,0,1989,0
30-05-2013,2,38872.0,1,3,2,93,0,1988,0
18-02-2013,2,51148.0,1,3,4,38,1,1973,0
29-12-2013,2,31353.0,1,3,2,24,1,1977,0
13-05-2014,3,69661.0,0,3,1,80,0,1980,0
19-09-2013,2,80067.0,0,3,1,82,0,1954,5
17-01-2013,2,86718.0,0,3,1,20,0,1954,0
31-03-2014,4,46854.0,1,0,6,81,1,1973,3
29-06-2014,2,69142.0,0,1,3,50,1,1952,4
09-12-2013,2,75922.0,0,0,1,60,0,1968,0
14-10-2013,2,63693.0,0,1,3,63,1,1978,0
02-11-2012,4,102160.0,0,2,0,54,0,1977,1
17-07-2013,4,40637.0,1,0,2,72,1,1965,0
10-11-2012,3,18890.0,0,0,1,5,0,1984,3
08-12-2013,2,29604.0,1,2,1,88,0,1988,3
13-05-2013,3,48721.0,1,1,6,50,1,1963,0
08-06-2014,2,44794.0,0,3,1,99,1,1966,0
10-09-2012,2,64497.0,0,1,5,17,1,1954,3
31-03-2013,2,46097.0,0,2,5,11,1,1956,0
18-03-2014,2,77972.0,0,2,1,18,0,1954,0
05-10-2012,4,44377.0,1,3,8,70,1,1968,0
21-01-2013,3,46014.0,1,2,10,21,1,1974,0
04-05-2013,2,70951.0,0,3,1,66,0,1985,0
01-04-2014,2,41443.0,1,3,6,79,0,1977,0
12-05-2014,1,52195.0,2,0,1,2,1,1978,0
15-11-2013,3,83790.0,0,3,1,81,0,1948,4
31-08-2013,3,44551.0,0,1,2,24,1,1954,0
14-11-2012,2,69508.0,1,2,2,48,0,1980,0
11-04-2014,1,45204.0,1,2,1,93,0,1988,0
14-11-2013,2,72460.0,0,3,1,56,0,1969,0
14-04-2014,4,77622.0,0,2,2,3,2,1970,0
05-01-2013,4,30732.0,1,3,4,44,0,1980,0
08-09-2012,2,63887.0,0,1,5,38,1,1962,0
26-03-2013,2,42011.0,1,2,4,46,0,1978,0
25-10-2012,2,51369.0,0,2,2,84,1,1976,0
09-12-2012,2,51537.0,0,1,3,27,1,1952,0
08-08-2012,4,79930.0,0,3,1,72,0,1972,0
16-02-2014,4,34320.0,1,2,1,66,0,1986,0
20-03-2013,2,37070.0,1,0,9,30,1,1966,0
05-01-2013,1,81975.0,0,1,1,2,1,1962,5
15-05-2013,2,38590.0,1,2,1,65,0,1971,0
16-04-2014,2,15033.0,0,0,1,37,0,1951,0
23-03-2013,4,62745.0,0,3,3,89,1,1965,0
09-12-2013,1,22212.0,1,3,2,49,0,1975,0
04-12-2013,3,23661.0,1,2,1,46,0,1982,0
04-10-2013,4,79761.0,0,0,1,32,1,1958,0
26-12-2013,2,7500.0,1,0,4,54,0,1973,0
28-10-2013,2,73455.0,0,1,1,98,0,1968,4
23-12-2012,2,64961.0,0,2,2,97,1,1958,0
31-07-2013,2,22804.0,1,0,1,75,0,1971,0
28-11-2013,2,73687.0,0,3,1,8,0,1990,1
17-08-2012,2,61074.0,0,3,7,37,1,1958,0
05-06-2014,4,31686.0,1,3,2,31,1,1964,0
20-05-2013,2,80134.0,1,3,2,40,0,1972,1
09-01-2013,2,75027.0,0,3,2,74,1,1953,0
31-08-2012,4,67546.0,0,3,1,90,0,1988,0
29-10-2012,3,65176.0,0,2,4,57,1,1969,0
16-09-2013,3,31160.0,1,0,2,59,0,1975,0
27-10-2013,2,29938.0,1,0,2,52,0,1985,0
05-04-2013,2,102692.0,0,1,1,5,0,1974,1
22-09-2012,1,26490.0,0,2,2,92,0,1958,0
29-08-2012,2,75702.0,1,2,5,77,1,1967,0
13-10-2012,4,30899.0,1,0,2,35,0,1974,0
16-10-2012,4,63342.0,0,2,3,48,1,1961,4
22-10-2012,2,45989.0,0,0,4,97,1,1964,0
04-06-2013,2,18701.0,1,0,4,95,1,1964,0
08-12-2013,4,40737.0,2,0,1,24,1,1957,0
10-10-2012,2,15287.0,1,1,2,60,0,1979,3
22-05-2013,4,69674.0,0,1,3,46,2,1968,0
17-06-2014,3,44159.0,1,3,4,85,0,1970,0
23-11-2012,4,37717.0,1,3,1,31,0,1978,0
03-02-2013,3,43776.0,1,2,6,9,1,1952,0
14-03-2013,3,38179.0,1,3,4,30,1,1966,0
26-06-2014,2,80124.0,0,3,1,47,0,1963,3
15-10-2012,4,38097.0,1,3,4,70,1,1970,3
19-06-2013,2,72940.0,0,3,1,13,0,1970,0
04-10-2013,2,22070.0,1,2,2,11,0,1970,0
22-09-2012,2,69267.0,0,0,2,31,0,1953,0
20-03-2014,3,31788.0,1,0,3,15,0,1983,0
04-02-2014,4,61905.0,0,2,2,2,1,1975,0
06-04-2014,2,29315.0,1,3,4,55,1,1960,0
06-02-2013,2,33378.0,1,1,3,38,1,1963,0
16-09-2013,4,66313.0,0,2,2,86,1,1963,0
17-01-2013,2,60714.0,0,0,2,56,0,1956,0
30-04-2014,3,77882.0,0,2,1,29,0,1981,0
02-04-2013,4,69867.0,0,0,1,30,0,1986,1
21-04-2013,3,63841.0,0,1,1,64,1,1968,0
11-02-2013,0,24480.0,1,3,3,46,0,1981,0
25-10-2012,2,51369.0,0,2,2,84,1,1976,0
31-08-2012,2,37760.0,0,2,2,20,0,1946,0
01-03-2014,4,65640.0,0,2,1,74,1,1974,0
17-04-2014,3,44319.0,1,3,2,18,1,1975,0
12-07-2013,2,30631.0,1,3,1,75,0,1974,0
29-01-2013,2,75278.0,0,2,1,17,0,1952,0
08-01-2013,3,50898.0,1,2,13,88,1,1956,0
12-05-2014,2,79946.0,0,1,1,19,0,1966,0
13-06-2013,3,35416.0,0,1,3,62,0,1949,0
04-07-2013,1,32414.0,0,2,1,11,0,1984,3
27-12-2013,2,38361.0,1,2,3,74,0,1969,0
31-10-2012,2,82497.0,0,3,1,32,0,1980,5
15-01-2014,2,16626.0,2,2,3,76,0,1971,0
12-03-2013,2,29672.0,1,2,1,6,1,1965,0
23-08-2012,3,55951.0,0,2,3,62,1,1952,2
07-03-2013,1,35388.0,1,1,1,20,0,1988,0
13-01-2013,3,42386.0,1,2,1,43,0,1986,0
12-01-2013,2,68627.0,0,0,1,45,0,1982,0
17-03-2014,4,57912.0,0,1,5,34,1,1965,4
16-04-2014,2,35246.0,1,1,4,53,1,1958,0
12-10-2013,1,58821.0,0,2,1,44,1,1956,0
01-03-2014,4,46377.0,1,3,1,89,0,1978,0
13-04-2014,2,39747.0,1,0,3,43,0,1988,0
27-12-2013,2,23976.0,1,2,3,68,0,1984,0
28-03-2013,3,80950.0,0,3,1,44,0,1961,1
18-09-2012,2,27038.0,0,1,1,64,0,1966,0
05-03-2014,2,77457.0,0,0,1,85,0,1947,5
10-09-2013,3,64100.0,0,3,1,93,1,1964,4
27-04-2013,3,42670.0,0,2,1,12,0,1992,0
18-01-2014,2,12571.0,1,1,4,86,0,1976,0
28-10-2013,2,22574.0,2,3,2,28,1,1967,0
03-06-2013,2,,0,3,1,69,0,1989,1
06-02-2013,3,70893.0,0,0,1,42,0,1976,0
17-12-2013,2,54198.0,1,3,6,13,1,1966,0
11-03-2014,3,28839.0,1,2,2,86,1,1956,0
29-07-2013,2,40321.0,1,3,2,59,1,1972,0
14-08-2012,2,66503.0,1,0,2,30,0,1985,0
16-07-2013,2,30833.0,1,3,2,33,1,1951,0
23-08-2013,2,,1,0,6,67,2,1970,1
17-01-2013,2,64795.0,0,3,3,23,1,1971,0
01-07-2013,2,34421.0,1,3,1,81,0,1974,0
09-02-2014,4,47025.0,1,1,1,6,1,1965,0
07-02-2013,4,64325.0,0,1,5,41,1,1961,0
11-01-2013,2,40464.0,0,0,6,78,1,1953,0
05-07-2013,2,62187.0,0,3,1,49,0,1957,0
02-07-2013,4,14849.0,1,1,3,39,0,1976,0
07-11-2013,2,27255.0,1,3,1,3,0,1984,0
09-05-2013,4,54432.0,2,3,1,37,1,1950,0
13-02-2013,4,29999.0,1,0,4,22,0,1986,0
16-04-2013,2,24072.0,1,0,1,79,0,1983,0
11-09-2013,4,33996.0,0,0,1,46,0,1989,0
03-04-2013,4,66334.0,0,3,2,82,1,1956,0
10-01-2013,3,35178.0,1,3,1,10,0,1971,3
30-06-2013,2,22010.0,1,2,2,51,0,1983,0
12-09-2012,2,62204.0,0,1,1,38,2,1960,0
06-12-2012,2,75693.0,0,1,1,10,0,1968,1
12-11-2012,2,30675.0,1,3,1,14,0,1972,0
03-03-2013,2,83003.0,0,2,1,18,0,1965,5
10-08-2012,2,68655.0,0,0,1,95,0,1988,0
07-12-2013,2,41411.0,0,1,1,11,0,1986,0
23-11-2012,4,55212.0,0,3,3,65,1,1969,2
13-06-2013,4,59292.0,0,2,2,71,1,1950,0
15-08-2013,0,27190.0,1,2,1,13,0,1973,3
10-11-2013,2,82623.0,0,1,1,58,0,1952,0
23-06-2013,2,44300.0,1,3,2,65,1,1965,0
16-06-2014,2,84835.0,0,1,1,0,0,1970,0
25-12-2012,2,30372.0,1,1,3,33,1,1971,0
03-01-2014,3,33181.0,1,3,1,90,0,1976,3
17-12-2013,2,71113.0,0,3,4,95,1,1957,0
10-01-2013,2,71952.0,1,3,2,93,0,1986,3
28-10-2013,4,69759.0,0,0,3,38,0,1966,0
27-10-2012,2,72099.0,0,3,1,18,0,1974,0
22-12-2012,4,60000.0,0,0,5,57,1,1976,0
29-11-2013,2,38643.0,1,0,2,45,1,1978,0
11-05-2013,2,50737.0,0,3,1,61,1,1955,4
12-12-2012,4,68462.0,0,3,1,6,0,1969,0
20-08-2013,3,65073.0,0,3,1,65,0,1943,0
08-10-2013,4,46681.0,0,2,2,52,2,1948,0
28-09-2012,2,78618.0,0,3,1,87,0,1957,4
22-03-2014,4,62187.0,0,1,3,38,1,1969,0
24-02-2014,2,28442.0,2,3,3,53,0,1978,0
23-11-2012,4,37717.0,1,3,1,31,0,1978,0
28-12-2012,2,51479.0,1,3,7,67,1,1967,0
21-08-2012,2,54803.0,0,0,2,65,1,1969,0
17-05-2013,2,79530.0,0,3,1,64,0,1960,0
16-03-2013,2,31615.0,1,1,2,82,0,1976,0
17-11-2012,2,72025.0,0,2,1,27,0,1962,0
01-12-2012,4,52614.0,0,0,2,63,1,1975,0
22-04-2014,1,35684.0,1,3,1,66,0,1984,0
28-10-2012,2,48178.0,1,3,6,69,1,1975,0
29-08-2013,3,29548.0,1,0,1,52,0,1970,3
11-11-2012,2,63810.0,0,0,4,45,1,1966,4
22-06-2013,4,38578.0,1,0,3,2,1,1972,0
18-08-2012,3,46098.0,1,0,4,86,1,1975,0
18-03-2013,2,22585.0,0,0,1,23,0,1970,3
30-12-2012,2,30279.0,1,0,1,13,0,1989,0
02-10-2013,4,66426.0,0,2,2,14,1,1961,0
14-06-2013,2,30822.0,1,0,1,92,0,1969,0
08-01-2013,4,33581.0,2,3,1,38,0,1969,0
14-11-2013,2,19986.0,1,3,1,74,0,1985,0
12-12-2012,2,27421.0,0,1,3,14,0,1954,0
22-08-2012,1,35688.0,2,3,7,94,1,1973,0
30-03-2014,3,36143.0,1,0,1,33,0,1981,0
15-05-2013,2,10245.0,1,0,3,32,0,1971,0
16-10-2013,3,43795.0,0,2,3,11,1,1968,4
05-10-2012,2,63381.0,0,2,4,78,1,1960,0
30-08-2012,2,38823.0,0,2,1,56,1,1949,0
08-05-2013,4,83664.0,1,1,3,57,1,1968,0
03-01-2014,2,90300.0,0,2,0,7,0,1979,5
09-12-2013,3,62499.0,1,2,2,0,0,1979,0
04-05-2014,2,74293.0,0,0,1,66,0,1993,0
18-04-2013,4,51012.0,0,3,1,86,0,1946,0
25-02-2014,3,70777.0,0,3,3,80,1,1968,0
06-10-2013,4,68682.0,0,2,1,56,0,1991,0
15-09-2012,2,43824.0,1,3,4,18,1,1971,0
31-08-2012,2,15345.0,1,2,2,51,0,1984,0
24-12-2012,2,23442.0,1,0,1,71,0,1987,0
09-11-2012,1,14515.0,1,2,4,71,0,1980,0
23-03-2013,1,31395.0,1,1,4,80,1,1956,0
27-09-2012,2,75276.0,0,2,1,2,0,1965,0
15-08-2013,2,42373.0,1,0,5,83,1,1974,0
11-03-2013,2,30507.0,0,2,1,29,0,1960,0
22-10-2013,4,55521.0,1,0,9,11,2,1955,4
09-06-2014,2,48006.0,1,3,1,55,1,1965,0
30-08-2012,4,27213.0,1,0,3,19,0,1972,0
30-05-2014,4,65808.0,1,1,3,1,1,1971,0
06-06-2013,4,30351.0,1,2,1,19,0,1974,0
17-10-2012,2,50437.0,0,3,3,28,2,1963,0
17-11-2012,1,23616.0,1,0,2,76,0,1982,0
09-11-2012,2,53858.0,0,3,4,50,1,1976,0
30-03-2013,4,66465.0,0,3,3,1,1,1955,1
22-08-2012,2,46923.0,1,0,3,90,0,1987,0
23-01-2013,2,75072.0,0,2,2,83,1,1962,0
31-03-2014,4,75865.0,0,3,1,73,0,1943,0
20-11-2013,1,19789.0,1,2,3,24,0,1975,3
14-02-2014,2,80134.0,0,2,1,11,0,1994,1
22-02-2013,2,91065.0,0,0,1,33,0,1981,1
05-03-2013,3,49505.0,1,3,9,4,1,1971,0
06-05-2014,4,37401.0,1,3,2,14,0,1973,0
22-05-2014,2,30096.0,1,3,1,30,0,1983,0
05-06-2014,3,18492.0,1,2,1,75,0,1982,0
04-06-2013,3,82584.0,0,3,1,26,0,1974,4
13-04-2013,4,93027.0,0,3,0,77,0,1941,5
04-12-2013,2,48686.0,1,3,1,8,2,1953,0
24-04-2014,2,92910.0,0,3,1,42,0,1986,1
05-04-2014,2,75433.0,1,3,2,28,0,1989,1
04-05-2014,1,10404.0,1,2,2,52,0,1989,0
25-04-2013,2,61314.0,0,3,2,1,1,1968,0
09-05-2013,4,84865.0,0,0,1,1,0,1961,1
29-10-2012,2,42387.0,1,3,5,42,0,1989,0
23-01-2013,1,67309.0,1,2,15,76,1,1967,0
25-11-2013,2,75236.0,0,3,1,27,1,1964,0
02-02-2014,2,30015.0,1,0,2,28,0,1970,0
21-06-2013,3,50943.0,0,2,1,49,1,1956,0
21-12-2013,2,67272.0,0,1,3,12,1,1966,0
07-09-2013,3,51529.0,0,1,2,14,1,1949,0
22-08-2013,4,32011.0,1,3,3,89,0,1971,0
07-02-2013,1,7500.0,1,3,2,96,0,1986,0
04-07-2013,2,28691.0,1,3,1,56,0,1989,0
20-12-2013,4,56223.0,0,3,2,72,1,1948,0
06-08-2013,2,18100.0,0,3,1,14,0,1946,0
30-12-2012,2,30279.0,1,0,1,13,0,1989,0
17-03-2014,1,20130.0,0,3,1,99,0,1974,0
13-07-2013,2,23295.0,0,1,1,72,0,1959,0
09-10-2013,3,42618.0,1,1,2,92,0,1972,0
29-12-2013,2,81246.0,0,0,1,87,0,1964,1
09-06-2013,2,24027.0,1,3,2,7,0,1976,0
22-12-2013,4,55707.0,0,3,2,91,1,1953,0
02-05-2013,2,57959.0,0,0,5,71,1,1955,0
16-02-2013,2,56796.0,0,3,3,24,1,1969,0
17-10-2013,3,36230.0,1,0,1,17,0,1971,0
01-12-2013,1,70829.0,1,3,2,87,1,1980,0
07-09-2012,2,65991.0,0,3,3,21,1,1976,0
20-08-2012,2,38988.0,1,3,7,90,2,1972,0
15-09-2012,1,89572.0,0,0,1,44,0,1966,1
01-04-2013,3,42207.0,1,3,4,71,0,1984,3
25-05-2014,2,50300.0,0,3,2,52,1,1952,0
25-09-2012,1,66664.0,0,2,1,78,0,1982,0
01-01-2014,2,60597.0,0,3,4,2,1,1964,1
22-09-2013,2,70165.0,0,1,1,60,0,1949,0
28-01-2014,4,50520.0,0,1,2,25,1,1958,0
26-06-2014,2,80124.0,0,3,1,47,0,1963,3
24-02-2014,2,33183.0,1,3,2,46,0,1975,0
03-03-2014,4,66582.0,0,0,1,83,0,1969,0
23-04-2013,4,75261.0,0,2,1,17,0,1955,4
31-10-2012,2,31880.0,1,1,1,13,0,1970,0
06-03-2014,2,53790.0,0,3,3,86,2,1951,0
15-08-2012,4,49269.0,1,2,3,92,0,1971,0
27-03-2013,2,61456.0,0,3,4,47,1,1975,0
10-10-2013,2,37406.0,1,3,1,18,0,1980,0
04-08-2012,4,56937.0,1,2,7,81,0,1981,4
02-01-2013,2,38415.0,1,3,2,91,1,1978,0
18-05-2014,2,20518.0,1,0,1,58,0,1988,0
18-02-2013,2,62503.0,0,3,4,40,1,1956,0
09-05-2014,4,41644.0,1,0,2,67,1,1972,0
23-05-2014,3,55842.0,0,3,1,19,1,1977,0
23-10-2012,4,62010.0,0,3,4,93,1,1972,0
31-10-2012,2,41124.0,1,3,7,41,0,1977,0
30-12-2013,3,38961.0,1,3,1,60,0,1973,0
11-08-2013,3,37760.0,1,1,1,54,0,1972,0
19-08-2012,2,32233.0,1,0,2,26,0,1974,3
30-10-2013,2,43057.0,0,3,4,30,1,1975,0
10-10-2012,3,83151.0,0,2,1,93,0,1960,0
14-09-2012,4,78825.0,0,1,1,35,0,1964,0
14-11-2013,3,65104.0,0,2,2,4,1,1976,0
26-06-2013,2,60093.0,0,3,2,92,1,1974,0
26-01-2014,2,14045.0,1,3,1,24,0,1969,0
28-10-2012,1,28457.0,0,1,1,96,0,1952,0
24-09-2012,4,78952.0,0,2,2,11,1,1958,0
03-12-2012,2,46310.0,1,1,2,99,0,1976,0
22-02-2013,2,76005.0,0,2,1,72,0,1955,1
12-01-2013,3,58308.0,0,0,4,77,1,1964,0
27-11-2013,4,55614.0,0,1,1,85,0,1944,4
13-04-2013,3,59432.0,0,1,3,88,1,1962,0
05-04-2014,2,55563.0,0,1,1,22,1,1978,0
21-04-2013,4,78642.0,0,2,1,83,1,1971,0
22-05-2014,4,67911.0,0,2,3,63,1,1949,0
03-04-2013,2,65275.0,0,3,1,9,0,1944,0
06-08-2012,2,27203.0,1,2,2,92,1,1950,0
15-11-2013,3,48330.0,0,2,1,2,1,1961,0
29-12-2012,0,24279.0,0,3,1,6,0,1990,0
24-08-2012,4,64355.0,1,3,2,66,0,1985,0
21-06-2013,3,50943.0,0,2,1,49,1,1956,0
07-11-2012,2,53653.0,0,1,2,29,0,1953,0
02-12-2013,2,65665.0,0,3,1,77,1,1976,0
19-07-2013,2,81217.0,0,0,1,77,0,1989,0
21-06-2013,2,34935.0,0,3,1,71,0,1992,0
16-12-2012,2,61250.0,0,1,6,49,1,1959,0
25-05-2013,4,39665.0,1,2,3,97,0,1981,3
28-03-2013,2,60152.0,0,0,1,6,1,1979,0
20-10-2013,2,48920.0,0,3,3,93,2,1964,4
17-03-2014,3,89120.0,0,2,1,78,0,1959,5
11-05-2013,4,44124.0,0,2,4,62,1,1946,0
14-04-2013,3,81169.0,0,0,1,47,0,1975,0
03-02-2013,2,36443.0,1,3,4,9,1,1961,0
30-06-2013,2,26095.0,1,0,1,77,0,1990,0
23-08-2013,2,71367.0,0,2,1,24,0,1959,0
01-03-2014,3,80184.0,0,3,1,19,0,1944,1
27-01-2014,2,30630.0,1,1,2,67,1,1965,0
01-03-2014,3,73454.0,0,0,1,95,0,1987,3
16-08-2013,2,42691.0,0,3,1,48,0,1991,0
30-09-2012,2,70503.0,0,3,1,73,0,1953,4
08-09-2012,2,25545.0,1,3,3,35,0,1987,0
04-12-2012,2,32880.0,1,3,1,76,0,1986,0
27-11-2013,4,77863.0,0,2,1,20,0,1958,0
08-06-2014,3,50353.0,0,3,1,72,0,1977,0
12-08-2012,2,61839.0,0,0,1,20,0,1964,0
03-11-2013,4,49154.0,1,3,6,69,1,1960,0
15-02-2013,1,47682.0,0,1,4,80,1,1975,0
18-09-2013,2,72679.0,0,0,1,65,1,1969,0
18-06-2014,3,57954.0,1,2,7,52,1,1977,4
24-04-2013,2,65316.0,1,3,2,65,1,1962,0
17-06-2013,2,28567.0,1,0,2,57,0,1982,0
11-04-2013,3,47352.0,0,2,4,70,1,1951,0
18-01-2014,2,44931.0,0,2,1,0,1,1967,0
15-02-2014,2,76982.0,0,1,1,19,0,1967,5
08-08-2013,1,57247.0,0,2,2,50,1,1952,0
23-12-2013,3,22944.0,1,0,3,67,0,1981,0
07-11-2013,1,25315.0,1,2,3,46,0,1977,0
06-08-2012,2,43638.0,0,1,2,37,1,1969,0
28-11-2012,4,42710.0,1,0,2,38,0,1984,0
07-08-2013,4,84169.0,0,3,1,9,0,1982,4
04-06-2013,2,54058.0,0,2,2,56,1,1976,0
08-03-2014,1,24683.0,1,3,2,98,0,1990,0
07-01-2014,2,85620.0,0,1,1,68,0,1964,0
03-12-2013,2,47850.0,1,3,1,72,0,1980,0
26-01-2014,2,19514.0,1,3,4,47,1,1968,3
29-03-2014,3,27159.0,1,3,2,33,1,1973,0
31-03-2014,1,39548.0,1,0,2,87,1,1963,0
08-04-2014,2,21474.0,1,0,2,0,0,1989,3
07-02-2014,4,60504.0,0,0,2,73,1,1971,0
18-04-2013,2,22419.0,0,3,1,74,0,1963,0
06-11-2013,3,81698.0,0,3,1,4,0,1949,0
12-09-2012,2,43462.0,1,2,6,50,1,1952,0
01-03-2013,4,54880.0,1,0,2,57,0,1978,0
05-04-2013,2,79908.0,0,3,1,30,0,1982,5
03-08-2013,1,15315.0,0,3,2,27,0,1970,0
22-05-2013,2,87771.0,0,2,1,61,1,1959,1
09-09-2013,2,33039.0,1,3,1,4,0,1978,0
16-06-2013,2,81741.0,0,0,0,75,0,1980,0
25-06-2013,3,71499.0,0,2,2,12,1,1971,0
15-01-2014,1,62466.0,0,3,5,13,1,1970,0
05-11-2013,4,48799.0,0,1,3,9,1,1963,0
07-06-2014,4,52157.0,0,2,2,48,1,1950,0
05-12-2012,2,66565.0,0,0,4,80,1,1962,0
07-09-2013,3,29298.0,1,2,1,60,1,1951,0
05-07-2013,2,47691.0,0,0,1,43,1,1979,0
07-12-2012,2,38200.0,1,2,1,19,1,1970,0
12-09-2012,2,44989.0,0,3,5,26,1,1974,0
27-01-2014,4,38443.0,1,3,2,58,1,1968,0
13-09-2013,1,38593.0,1,0,3,42,0,1978,0
01-08-2013,4,64413.0,0,2,1,27,1,1970,0
02-10-2013,3,36959.0,1,3,2,56,0,1981,0
31-01-2013,4,61996.0,0,3,3,27,1,1977,1
01-04-2014,2,51287.0,1,3,3,10,1,1968,0
23-08-2013,2,13260.0,1,3,4,48,1,1970,0
16-09-2013,4,47472.0,1,2,2,39,1,1966,0
09-07-2013,3,54603.0,1,2,6,85,1,1956,0
10-11-2012,4,45207.0,1,3,5,64,1,1974,4
18-03-2013,2,40689.0,0,2,7,69,1,1951,0
20-10-2013,1,47821.0,1,2,1,54,1,1967,0
15-04-2013,3,27450.0,0,3,1,57,0,1951,0
03-04-2014,2,39453.0,1,2,2,64,0,1983,0
18-04-2014,1,26850.0,1,2,4,10,1,1971,0
23-09-2012,2,79800.0,0,1,1,65,0,1955,1
14-09-2013,3,61794.0,0,3,2,74,1,1961,0
17-05-2014,2,53863.0,0,2,3,4,1,1955,4
20-08-2013,2,24221.0,0,2,1,94,0,1959,0
12-10-2012,4,39684.0,1,0,2,41,0,1984,0
12-12-2012,3,92163.0,0,3,0,25,0,1975,1
10-11-2013,3,69882.0,0,0,1,94,0,1965,0
30-01-2014,2,33178.0,1,2,1,9,0,1977,0
11-09-2013,4,59973.0,0,3,1,47,0,1972,0
19-09-2013,3,17459.0,1,2,3,12,0,1975,0
26-10-2012,2,23910.0,1,1,1,80,0,1969,0
19-10-2013,3,42169.0,1,3,2,20,1,1969,0
04-06-2013,1,26224.0,1,3,3,39,0,1978,0
17-08-2012,2,31089.0,1,2,3,57,0,1981,0
21-02-2013,2,30081.0,0,0,1,27,1,1961,0
31-08-2012,2,62807.0,0,2,3,83,1,1960,0
17-09-2013,2,72906.0,0,0,1,79,0,1955,0
09-12-2012,4,61467.0,0,3,3,69,2,1948,0
26-01-2013,3,49618.0,1,2,4,77,1,1966,0
29-12-2012,3,21888.0,1,0,4,15,0,1986,0
11-02-2014,2,42429.0,0,1,2,99,1,1973,0
11-03-2013,2,26150.0,2,1,1,61,1,1956,0
26-10-2012,0,30801.0,0,3,2,23,1,1975,0
07-05-2014,2,81168.0,0,3,1,84,0,1965,1
19-08-2013,3,26877.0,0,0,2,74,0,1969,0
18-07-2013,3,45006.0,0,1,1,90,0,1944,0
11-12-2012,0,18978.0,1,3,1,41,0,1973,0
28-10-2013,2,22574.0,2,3,2,28,1,1967,0
09-11-2012,4,48240.0,0,0,3,73,0,1969,0
26-07-2013,2,45837.0,1,3,5,88,1,1974,0
06-05-2013,3,35791.0,2,0,2,94,1,1965,0
03-06-2013,4,162397.0,1,2,0,31,1,1976,0
18-03-2013,2,54162.0,1,1,1,31,1,1978,0
17-08-2012,3,30522.0,0,3,5,6,1,1960,0
11-07-2013,4,54456.0,0,3,3,23,1,1961,0
14-07-2013,2,31632.0,0,0,1,92,0,1971,0
10-03-2014,2,72298.0,0,1,1,52,0,1949,4
28-12-2013,1,36975.0,1,0,1,50,0,1978,0
03-06-2013,1,72635.0,0,3,1,54,0,1955,1
20-01-2013,2,13624.0,1,3,2,93,0,1976,0
03-06-2013,2,84196.0,0,0,1,56,1,1975,0
21-09-2012,2,70971.0,0,2,7,28,1,1960,0
06-09-2012,4,34487.0,1,1,3,94,1,1977,0
18-12-2012,2,28769.0,1,0,3,76,0,1977,0
19-11-2013,4,69084.0,1,3,2,43,0,1970,0
13-06-2014,4,65488.0,0,2,1,46,0,1958,0
15-01-2014,1,62466.0,0,3,5,13,1,1970,0
15-02-2014,1,32218.0,0,0,1,27,0,1960,3
18-04-2013,2,83917.0,0,0,1,12,0,1973,0
10-03-2014,2,46102.0,2,1,1,3,1,1962,0
04-06-2013,2,84574.0,0,0,1,72,0,1952,0
08-01-2013,2,56181.0,0,3,1,6,1,1962,0
28-09-2012,3,63120.0,0,1,5,53,1,1950,0
06-11-2013,2,73691.0,0,3,2,58,1,1971,3
05-10-2012,2,63381.0,0,2,4,78,1,1960,0
13-05-2014,4,76140.0,0,2,1,57,0,1948,0
30-12-2012,4,62859.0,0,1,4,37,1,1959,0
07-05-2013,2,45906.0,0,0,2,20,1,1964,3
10-03-2013,3,77632.0,0,2,1,73,0,1947,4
18-08-2013,4,46463.0,1,3,7,56,1,1971,0
21-01-2013,2,105471.0,0,2,0,36,0,1970,1
13-12-2013,3,55282.0,1,1,1,9,0,1970,0
23-05-2014,3,78710.0,0,3,3,42,1,1977,0
16-09-2013,2,66886.0,0,2,2,28,1,1958,0
17-02-2014,3,98777.0,0,0,0,23,0,1960,4
27-08-2012,2,29103.0,1,2,2,38,0,1985,0
12-08-2012,2,67445.0,0,3,5,63,1,1974,0
13-04-2014,4,50616.0,0,2,1,71,1,1950,0
03-08-2012,2,49431.0,0,1,2,9,1,1955,0
07-02-2014,2,153924.0,0,1,0,81,0,1975,0
04-01-2014,2,61278.0,0,2,2,87,1,1953,0
22-09-2012,1,26490.0,0,2,2,92,0,1958,0
31-08-2013,4,73059.0,0,2,1,36,1,1947,0
21-10-2013,4,46734.0,1,0,4,86,2,1966,3
07-12-2012,2,56253.0,0,2,4,83,1,1963,0
14-11-2013,2,19986.0,1,3,1,74,0,1985,0
25-12-2013,2,58330.0,0,1,1,87,1,1975,0
07-09-2012,0,25965.0,0,3,1,29,0,1980,0
01-01-2013,3,14661.0,0,2,1,88,0,1956,0
28-12-2012,2,18690.0,0,3,1,77,0,1959,0
16-05-2013,4,45068.0,0,2,1,25,1,1974,0
25-09-2013,0,21063.0,1,0,2,34,0,1987,0
09-05-2013,4,29187.0,1,3,1,43,0,1968,0
07-11-2013,1,54690.0,1,3,3,76,1,1971,0
29-07-2013,4,59304.0,0,3,3,81,1,1964,0
08-11-2013,3,59247.0,0,0,5,87,2,1962,0
12-09-2012,2,66731.0,0,1,4,33,1,1970,0
16-12-2013,2,77353.0,0,3,2,38,1,1980,0
01-12-2012,4,52614.0,0,0,2,63,1,1975,0
22-05-2014,2,26751.0,2,3,1,26,0,1974,0
30-10-2012,4,81300.0,0,3,3,17,1,1963,1
02-01-2014,2,70337.0,0,0,1,75,0,1979,0
16-06-2013,1,36145.0,1,3,4,13,0,1985,3
23-12-2013,4,65295.0,0,0,1,19,0,1980,0
18-10-2013,2,68118.0,0,1,2,51,1,1963,0
30-08-2012,2,68743.0,0,1,1,81,0,1967,0
25-07-2013,1,41039.0,0,2,1,32,0,1982,0
24-10-2013,2,38946.0,0,2,2,84,1,1955,0
19-12-2013,2,65777.0,0,2,1,87,0,1967,0
07-03-2013,4,66476.0,0,1,2,99,1,1976,0
12-09-2012,4,86857.0,0,0,1,96,0,1972,0
04-08-2012,4,160803.0,0,3,15,21,0,1982,0
16-05-2014,4,77845.0,0,2,1,40,0,1989,1
30-09-2013,4,69476.0,0,2,1,3,0,1969,0
04-10-2012,4,50611.0,0,1,6,98,1,1960,4
25-08-2013,2,61209.0,0,0,1,73,0,1970,0
12-07-2013,3,42315.0,0,2,3,90,1,1958,0
02-11-2013,0,13084.0,0,2,1,29,0,1952,0
29-05-2013,3,47570.0,1,1,3,3,1,1949,0
26-07-2013,3,61923.0,0,3,1,94,2,1961,0
26-03-2014,2,34824.0,0,0,1,65,0,1995,0
08-04-2013,4,26518.0,1,0,3,33,1,1949,0
03-11-2013,2,45938.0,0,0,2,46,0,1961,0
09-04-2014,2,78468.0,0,2,1,29,0,1960,1
17-09-2013,2,78901.0,0,1,3,99,1,1973,0
12-03-2014,2,71427.0,2,3,2,26,0,1978,0
11-02-2014,2,71022.0,0,1,3,30,1,1978,3
29-04-2014,3,90247.0,0,0,1,27,0,1988,1
26-12-2013,3,41335.0,1,1,3,24,0,1968,0
10-01-2013,2,71952.0,1,3,2,93,0,1986,3
27-06-2014,4,35682.0,1,1,1,34,0,1970,0
10-04-2013,2,43185.0,0,1,2,88,1,1951,0
21-11-2013,4,66375.0,0,2,3,96,1,1948,3
10-01-2013,3,35178.0,1,3,1,10,0,1971,3
12-07-2013,2,25252.0,1,3,1,26,0,1986,0
21-10-2012,3,55250.0,0,0,4,49,1,1965,0
20-02-2013,2,33249.0,1,0,2,11,0,1975,0
14-05-2013,2,58398.0,0,2,3,44,0,1953,0
07-08-2013,2,50272.0,1,2,3,75,0,1982,0
07-12-2012,4,76618.0,0,3,1,64,0,1975,0
23-09-2012,1,87305.0,0,1,1,19,0,1960,5
11-02-2013,2,25851.0,1,2,2,45,0,1978,0
31-03-2013,2,58710.0,0,1,6,77,1,1970,0
29-03-2014,2,45160.0,1,0,1,9,1,1958,0
19-12-2012,3,74806.0,0,3,2,1,1,1965,0
02-05-2013,2,59111.0,0,3,1,90,0,1954,0
23-05-2014,4,18988.0,1,3,2,43,0,1984,0
13-02-2013,2,72190.0,0,3,1,79,0,1965,0
01-08-2012,2,7500.0,1,3,5,19,0,1976,3
08-06-2014,2,44794.0,0,3,1,99,1,1966,0
23-11-2013,2,80395.0,0,3,1,62,0,1955,1
25-01-2014,3,75012.0,0,1,1,41,0,1976,0
11-10-2013,3,56962.0,2,3,7,60,1,1965,0
15-04-2013,2,89891.0,0,2,1,17,0,1991,5
27-09-2013,4,35946.0,1,1,1,24,1,1949,0
07-08-2012,4,53593.0,1,2,8,60,1,1953,0
12-06-2013,2,66373.0,1,3,7,57,1,1978,0
16-10-2013,4,45072.0,1,1,5,74,2,1948,0
09-10-2013,2,89694.0,1,1,3,22,1,1973,1
29-04-2014,2,72025.0,0,3,1,46,0,1949,1
29-03-2013,2,67432.0,0,3,2,69,1,1973,0
03-06-2014,3,70545.0,0,2,1,29,1,1952,0
18-03-2013,0,17487.0,1,3,1,37,0,1989,0
09-08-2012,2,62882.0,0,2,2,26,1,1969,0
23-03-2013,4,64108.0,0,0,4,8,1,1953,0
06-03-2013,3,34941.0,1,2,2,26,1,1956,0
01-01-2014,4,48767.0,1,0,3,79,2,1950,0
01-08-2013,1,38702.0,1,2,2,71,0,1978,0
25-01-2014,2,82224.0,0,3,1,83,0,1964,1
12-05-2013,2,83844.0,0,2,1,57,0,1952,5
09-12-2013,1,17003.0,1,3,3,37,0,1975,0
09-03-2014,2,71163.0,0,0,1,30,0,1995,0
15-09-2013,2,33697.0,1,0,1,34,0,1970,3
29-01-2014,1,63564.0,0,3,1,0,0,1954,3
31-12-2013,4,83443.0,0,2,1,89,0,1972,0
03-10-2013,4,51518.0,0,2,2,92,1,1958,0
25-12-2013,2,58330.0,0,1,1,87,1,1975,0
28-02-2013,2,80952.0,0,3,1,20,0,1969,1
02-05-2014,2,75507.0,0,2,1,56,0,1979,0
09-02-2013,1,63855.0,0,2,1,28,0,1978,0
11-08-2012,4,62220.0,0,2,5,55,1,1972,0
19-09-2013,2,58512.0,0,3,5,25,1,1964,0
15-03-2013,3,40662.0,1,3,2,0,0,1979,0
06-04-2014,4,38829.0,0,3,1,86,1,1959,0
03-10-2013,1,35523.0,1,3,2,8,0,1981,0
24-04-2014,2,79146.0,1,0,2,33,1,1967,0
28-10-2013,3,78285.0,0,3,1,13,0,1988,0
10-05-2013,4,31626.0,1,0,1,12,0,1978,3
22-05-2014,2,75127.0,0,0,1,92,0,1952,0
27-04-2013,2,48726.0,0,3,3,90,1,1955,0
11-09-2012,2,74985.0,0,3,1,8,0,1977,0
05-09-2012,2,67430.0,0,2,1,6,0,1987,0
01-09-2013,1,46891.0,0,3,1,91,1,1965,0
26-05-2013,3,62058.0,0,3,4,52,1,1956,0
03-07-2013,2,72063.0,0,3,2,3,1,1979,0
12-12-2013,4,78939.0,0,3,1,57,0,1951,0
24-04-2013,2,42720.0,1,0,8,9,1,1965,0
13-04-2013,2,33622.0,1,3,3,22,1,1972,0
08-12-2012,4,6835.0,0,2,0,76,1,1957,0
06-03-2013,2,41452.0,1,2,1,86,1,1953,0
30-08-2013,4,40760.0,0,0,2,64,1,1965,0
26-01-2014,4,74250.0,0,2,1,90,0,1958,0
18-12-2013,3,51124.0,1,0,2,79,1,1955,0
12-09-2013,2,72258.0,0,0,2,28,1,1971,0
05-04-2014,4,71466.0,0,0,1,86,0,1974,0
14-04-2014,2,36283.0,1,2,2,42,1,1976,0
11-05-2014,2,20587.0,1,0,1,39,0,1970,0
19-03-2014,2,30467.0,1,3,1,8,0,1972,0
18-06-2013,2,31590.0,1,2,1,40,0,1972,0
29-10-2012,0,20425.0,1,3,2,5,0,1986,0
15-02-2014,3,17144.0,1,2,5,96,1,1960,0
02-01-2013,4,42564.0,0,1,6,28,1,1968,3
29-05-2014,3,43783.0,1,3,6,22,0,1978,3
08-09-2012,2,40780.0,0,1,4,30,1,1976,0
15-01-2013,3,62847.0,0,2,1,45,0,1945,0
07-11-2012,4,82017.0,0,3,1,58,0,1957,1
19-07-2013,2,16813.0,0,0,1,49,0,1950,3
29-10-2013,2,51267.0,1,3,4,37,1,1978,0
05-04-2013,2,46524.0,0,0,2,70,1,1961,0
20-01-2013,3,45183.0,0,0,1,33,0,1962,4
28-06-2014,4,70421.0,0,3,3,98,1,1954,0
23-10-2012,1,60161.0,0,1,3,17,1,1965,0
02-03-2013,2,73926.0,0,2,1,54,0,1973,0
14-12-2013,2,19329.0,1,3,3,39,0,1968,0
13-12-2013,3,61872.0,0,3,4,81,1,1970,0
26-03-2013,2,46984.0,1,1,1,71,1,1956,0
19-01-2013,2,34838.0,1,3,3,62,1,1951,0
05-11-2013,4,82716.0,0,0,1,8,0,1944,0
06-04-2013,2,48192.0,0,3,3,76,0,1958,1
04-11-2013,3,49681.0,0,3,6,66,2,1976,0
23-03-2014,3,56850.0,0,3,1,83,1,1971,0
21-10-2013,2,55267.0,0,3,4,28,1,1957,0
22-03-2013,2,59666.0,1,3,7,87,1,1972,4
06-04-2013,2,72504.0,0,0,2,43,1,1972,0
16-10-2013,2,26872.0,0,3,1,0,0,1981,0
20-04-2013,2,21359.0,1,0,2,1,0,1972,0
31-05-2014,2,73170.0,0,0,1,1,0,1975,0
04-02-2013,3,52750.0,0,3,6,72,1,1955,0
23-11-2013,4,91820.0,0,2,0,72,0,1986,0
12-05-2014,4,65968.0,0,2,2,12,1,1970,0
12-03-2014,2,30772.0,1,3,1,89,1,1976,0
24-11-2012,2,22507.0,0,0,3,67,0,1954,0
29-03-2014,2,65685.0,0,3,1,54,1,1972,0
01-09-2013,1,25804.0,1,3,2,34,0,1978,0
05-05-2013,4,76412.0,0,0,1,15,0,1980,1
08-08-2013,2,22063.0,1,3,2,43,0,1972,0
15-06-2014,2,57091.0,0,0,1,0,0,1961,2
18-04-2013,2,22419.0,0,3,1,74,0,1963,0
22-05-2013,2,87771.0,0,2,1,61,1,1959,1
16-04-2013,1,78353.0,0,1,1,51,1,1959,0
07-05-2013,2,93404.0,1,3,3,97,2,1954,4
12-01-2013,2,37859.0,1,1,2,75,2,1962,0
11-05-2013,4,80995.0,0,1,1,83,1,1958,0
01-03-2014,2,16529.0,1,2,1,23,0,1984,0
22-11-2013,4,55412.0,1,1,1,65,1,1976,0
10-09-2012,2,48789.0,0,0,1,94,0,1992,0
05-05-2013,4,56575.0,0,2,3,42,2,1967,0
02-10-2013,1,25130.0,1,2,2,10,0,1980,0
14-02-2013,2,35441.0,1,3,2,94,1,1967,0
29-03-2013,2,71391.0,0,3,5,50,1,1956,0
25-04-2013,3,49494.0,1,0,2,46,0,1972,0
23-09-2012,2,81702.0,0,1,1,98,0,1980,0
02-07-2013,1,45889.0,0,0,1,42,1,1980,0
21-03-2014,2,56628.0,0,0,2,30,1,1977,3
05-08-2013,2,34026.0,1,2,3,11,1,1950,0
29-11-2012,2,40049.0,0,3,3,61,1,1974,0
12-05-2014,2,34176.0,1,0,4,12,0,1988,0
10-11-2012,2,19419.0,1,3,4,76,0,1981,0
27-07-2013,1,82504.0,0,3,1,2,0,1960,0
13-01-2014,2,81205.0,0,2,1,43,0,1970,2
29-09-2012,1,61618.0,0,0,2,27,0,1991,0
24-12-2012,3,55284.0,0,0,3,60,1,1956,0
23-10-2013,2,49980.0,0,0,2,79,1,1963,0
10-05-2013,2,15072.0,2,3,4,96,0,1980,0
13-06-2013,2,49166.0,0,0,2,17,1,1974,0
11-01-2014,4,65324.0,0,3,3,0,1,1954,0
06-11-2012,1,82347.0,0,3,1,38,0,1957,1
26-05-2014,4,30843.0,1,2,2,43,1,1966,3
17-03-2014,4,46374.0,0,3,3,1,1,1974,1
01-04-2013,2,60474.0,0,0,7,25,1,1979,0
04-03-2014,3,38576.0,0,3,1,2,1,1973,0
19-02-2013,2,55357.0,2,3,3,66,0,1985,0
04-10-2012,2,37758.0,1,2,2,49,1,1966,0
05-05-2013,1,85710.0,0,3,1,5,0,1989,5
26-01-2014,2,23228.0,1,2,2,71,0,1969,0
15-02-2014,3,44602.0,1,2,6,35,1,1969,0
09-01-2013,2,7500.0,0,3,1,94,0,1987,0
04-10-2012,1,38683.0,1,2,6,80,0,1989,0
17-12-2013,1,49514.0,1,0,2,61,0,1975,0
11-06-2013,4,57906.0,0,2,3,29,1,1973,0
26-03-2013,3,43456.0,0,0,3,0,1,1966,0
24-09-2013,3,19485.0,2,0,1,80,0,1986,0
06-05-2013,2,53172.0,0,2,3,54,1,1978,0
17-10-2012,2,30545.0,1,2,2,71,0,1979,0
28-09-2013,4,70123.0,0,2,1,27,0,1983,2
06-01-2014,2,62450.0,0,0,2,61,1,1959,4
11-06-2014,2,21675.0,1,2,3,55,0,1976,0
04-04-2014,1,42395.0,1,0,4,35,1,1981,0
06-10-2013,3,61346.0,1,2,1,34,0,1978,0
17-09-2013,2,80812.0,0,2,1,95,0,1953,1
30-06-2013,3,42835.0,1,1,7,64,1,1971,0
14-02-2013,2,39922.0,1,3,2,30,0,1983,0
05-04-2014,3,86424.0,0,0,1,12,0,1956,0
17-01-2013,1,17117.0,1,2,4,96,0,1978,0
10-02-2014,2,24762.0,1,0,3,16,0,1972,3
16-10-2012,2,35797.0,0,3,2,16,1,1975,0
23-07-2013,2,36627.0,2,1,1,78,0,1975,0
19-06-2014,1,51111.0,1,3,2,83,1,1981,0
12-09-2012,4,86857.0,0,0,1,96,0,1972,0
02-07-2013,4,82072.0,0,2,1,67,0,1970,0
26-11-2012,4,46231.0,2,0,4,87,1,1953,0
11-12-2013,2,42243.0,1,3,2,34,1,1959,0
01-04-2013,2,51195.0,1,2,8,46,1,1962,0
16-12-2013,3,68092.0,0,0,2,7,0,1978,0
09-02-2013,2,31814.0,1,3,2,73,0,1973,3
08-09-2012,3,51390.0,1,1,6,54,1,1965,0
14-01-2014,2,76630.0,0,3,1,93,0,1983,0
30-04-2014,0,26868.0,1,0,1,52,0,1991,0
01-02-2013,4,48948.0,0,1,2,53,0,1943,3
12-12-2012,4,55260.0,0,0,2,81,1,1972,0
07-08-2013,2,64090.0,0,2,1,8,1,1956,0
23-01-2014,2,78331.0,0,1,2,97,1,1958,0
11-08-2013,4,37087.0,1,3,3,50,0,1974,0
22-10-2013,2,21846.0,1,1,4,38,0,1986,0
06-02-2013,2,81320.0,0,3,1,61,0,1958,0
16-08-2013,2,54137.0,0,1,2,46,1,1970,0
14-07-2013,2,66825.0,0,2,1,73,0,1967,0
04-12-2013,2,57100.0,0,2,1,19,0,1973,0
24-03-2013,2,58917.0,1,2,5,10,2,1969,0
09-04-2014,2,85072.0,0,0,1,94,0,1977,0
21-11-2013,2,86429.0,0,0,0,10,0,1961,1
02-12-2013,2,45684.0,1,1,1,37,0,1971,0
04-01-2014,2,47889.0,1,2,1,94,0,1974,0
10-03-2014,4,45921.0,0,3,1,23,0,1986,0
29-06-2013,4,78420.0,0,0,1,75,0,1966,0
07-11-2013,2,75114.0,0,2,1,40,0,1992,0
25-01-2013,4,52278.0,0,1,6,24,1,1963,0
14-07-2013,3,35641.0,1,3,2,11,0,1972,0
03-12-2012,2,95529.0,0,0,1,29,0,1994,5
11-05-2013,2,62820.0,0,3,1,51,0,1954,0
26-12-2013,3,73113.0,0,2,1,86,0,1960,0
07-08-2013,4,84169.0,0,3,1,9,0,1982,4
17-11-2013,1,42607.0,0,0,2,30,1,1954,0
18-05-2013,4,74637.0,0,0,1,73,0,1954,1
13-04-2014,4,46015.0,1,2,1,25,1,1955,2
17-04-2013,2,72354.0,0,0,1,67,0,1993,0
24-01-2013,3,39858.0,1,0,1,67,0,1969,0
04-05-2014,4,34469.0,1,3,3,58,1,1948,0
18-05-2014,2,83033.0,1,2,1,82,0,1986,1
31-08-2012,3,24401.0,0,2,3,98,0,1979,0
10-02-2014,2,77583.0,0,3,1,93,0,1978,1
30-12-2013,1,74116.0,0,0,1,53,0,1982,4
04-05-2014,2,74293.0,0,0,1,66,0,1993,0
17-11-2013,4,68397.0,0,3,1,6,1,1976,0
08-04-2014,4,79632.0,0,2,1,42,0,1974,0
10-02-2014,2,46107.0,1,0,1,78,0,1989,0
12-08-2012,4,64950.0,0,0,2,29,1,1951,4
22-12-2012,0,25443.0,1,3,1,82,0,1989,0
22-05-2014,2,75127.0,0,0,1,92,0,1952,0
25-05-2014,4,32892.0,1,2,2,78,0,1971,0
24-10-2013,2,71796.0,0,2,1,54,0,1971,0
22-05-2013,4,67536.0,0,3,3,45,1,1970,1
14-07-2013,2,55239.0,0,0,3,59,1,1971,0
09-08-2013,4,60554.0,1,1,2,8,0,1975,0
10-06-2013,1,64831.0,1,0,8,51,1,1952,0
20-07-2013,4,56067.0,0,2,2,51,1,1962,0
28-05-2013,2,82025.0,0,1,1,76,0,1983,5
04-03-2013,2,94384.0,0,2,0,62,0,1953,1
22-12-2012,0,14906.0,0,0,3,86,0,1986,0
01-10-2012,4,51563.0,0,3,1,60,0,1987,4
16-02-2014,1,57937.0,0,3,3,56,1,1982,0
30-09-2013,2,68274.0,1,1,2,83,1,1979,0
06-12-2013,2,39771.0,1,2,1,92,0,1977,0
01-10-2012,1,67893.0,0,1,2,31,1,1975,0
10-05-2014,4,27922.0,1,2,1,80,0,1979,0
08-05-2014,4,52190.0,1,2,3,39,1,1976,3
29-01-2013,3,44051.0,1,1,4,20,1,1973,0
11-05-2013,4,42767.0,2,0,1,53,0,1971,0
11-05-2014,3,46106.0,1,2,1,84,1,1976,0
10-02-2013,4,16927.0,1,3,5,50,1,1976,0
01-12-2012,2,59754.0,0,3,3,96,1,1965,0
17-08-2012,2,53700.0,0,0,4,94,1,1952,0
07-05-2014,2,59041.0,1,3,2,25,1,1973,0
27-04-2013,4,54237.0,0,1,4,48,1,1957,0
21-09-2012,2,70647.0,0,1,2,65,1,1967,0
07-05-2014,4,52597.0,0,0,3,69,1,1962,0
30-12-2012,3,41021.0,1,2,2,12,0,1969,0
14-10-2013,4,40233.0,0,3,5,84,1,1975,0
25-06-2014,2,50183.0,1,3,7,47,1,1980,0
12-09-2013,2,54753.0,0,2,3,87,1,1959,0
19-08-2013,2,92955.0,0,3,1,35,0,1973,1
12-10-2012,2,33471.0,1,3,3,47,0,1973,0
13-04-2013,4,34596.0,1,3,1,48,0,1974,0
13-10-2012,2,44010.0,1,2,6,46,0,1980,0
02-02-2014,2,84219.0,0,3,1,27,0,1988,0
17-01-2013,4,40706.0,2,2,4,37,1,1968,0
12-11-2012,1,15716.0,1,3,3,8,0,1988,0
17-11-2013,1,59052.0,0,1,3,29,1,1959,0
14-10-2012,3,80573.0,0,2,1,85,0,1971,0
03-02-2014,2,83715.0,0,3,1,2,0,1962,0
01-08-2012,3,82576.0,0,2,1,66,0,1959,5
11-10-2013,3,56962.0,2,3,7,60,1,1965,0
03-01-2014,2,35704.0,1,3,3,54,1,1952,0
12-09-2013,2,53103.0,0,2,5,70,1,1954,3
12-07-2013,1,46779.0,1,1,1,55,1,1960,0
22-06-2014,2,4861.0,0,1,0,20,0,1965,0
07-08-2013,3,33462.0,1,1,1,78,0,1979,0
14-10-2013,2,63693.0,0,1,3,63,1,1978,0
15-08-2013,2,80763.0,0,3,1,17,0,1950,1
21-08-2013,4,65352.0,0,3,2,43,1,1974,0
25-11-2013,4,82170.0,0,3,1,13,0,1978,0
25-10-2013,2,75759.0,0,3,1,46,0,1969,1
12-05-2013,1,79689.0,0,0,1,65,0,1976,0
29-06-2014,4,35340.0,1,1,2,1,1,1956,0
21-03-2014,2,85683.0,0,1,1,6,0,1954,1
29-11-2012,1,24884.0,1,3,1,32,0,1972,0
31-08-2012,3,42021.0,1,2,5,34,0,1981,3
18-02-2014,2,64449.0,1,0,4,70,0,1989,0
22-06-2014,2,64587.0,1,1,2,49,1,1954,0
26-03-2014,2,34824.0,0,0,1,65,0,1995,0
09-11-2013,2,75437.0,0,2,1,25,0,1978,1
25-02-2014,2,26091.0,1,2,3,84,1,1957,0
13-08-2013,2,52845.0,1,3,3,7,0,1973,3
03-11-2013,2,46086.0,0,1,4,34,1,1956,0
10-09-2012,4,78028.0,0,1,1,38,1,1956,4
09-10-2013,4,95169.0,0,0,1,1,0,1987,1
27-03-2013,1,56337.0,1,3,5,25,1,1981,1
13-02-2013,2,22434.0,1,2,2,25,0,1987,0
17-05-2013,4,36930.0,0,3,5,50,1,1954,0
02-02-2013,2,36130.0,0,0,6,46,1,1954,3
05-11-2012,3,65569.0,0,3,2,96,1,1953,0
12-05-2013,2,83844.0,0,2,1,57,0,1952,5
26-01-2014,2,19514.0,1,3,4,47,1,1968,3
10-05-2013,4,36736.0,1,0,1,52,1,1963,0
25-08-2012,2,77568.0,0,2,1,30,1,1979,1
11-01-2014,4,49187.0,0,2,1,63,1,1976,0
07-03-2013,2,30168.0,1,0,7,51,0,1978,0
10-09-2012,3,34053.0,0,2,1,14,1,1968,0
18-04-2014,3,38196.0,1,3,3,20,1,1971,0
19-04-2014,3,59412.0,0,3,1,56,0,1951,0
07-04-2014,1,70924.0,0,3,1,41,0,1965,5
28-05-2013,2,54165.0,0,2,1,72,0,1969,0
03-01-2013,2,32300.0,1,3,1,1,0,1973,0
20-02-2013,2,20180.0,0,0,1,27,0,1976,0
19-06-2014,2,34961.0,1,3,3,77,0,1973,0
07-07-2013,4,28440.0,1,2,1,87,0,1974,0
04-03-2013,4,64504.0,1,2,7,81,2,1953,0
24-06-2014,3,33564.0,0,2,1,51,1,1966,0
03-11-2012,2,17345.0,1,3,2,79,0,1978,0
08-04-2013,4,56320.0,0,3,3,11,1,1967,0
21-08-2013,2,28647.0,1,0,1,54,0,1978,3
29-01-2013,0,15038.0,1,0,2,93,0,1987,0
01-08-2013,4,32173.0,0,1,1,0,1,1958,0
04-11-2012,1,68316.0,0,2,5,54,1,1964,0
29-06-2013,2,74538.0,0,2,1,21,0,1971,5
17-01-2013,2,91700.0,0,0,1,58,0,1971,0
25-06-2014,2,68695.0,0,2,1,3,0,1969,0
22-01-2013,1,31056.0,1,3,1,99,0,1977,0
12-05-2014,2,79593.0,0,3,1,70,0,1973,5
29-08-2012,2,28071.0,0,0,2,65,0,1980,0
26-02-2014,4,37334.0,1,2,4,44,1,1958,0
18-09-2013,3,46423.0,1,0,3,6,1,1972,0
30-03-2014,4,37126.0,1,3,1,9,0,1971,3
29-05-2013,2,47703.0,0,3,4,95,1,1953,0
23-04-2014,2,61180.0,0,3,2,70,1,1959,3
03-11-2012,2,38998.0,1,3,3,92,1,1954,0
18-09-2012,2,8028.0,0,0,15,62,0,1991,0
23-05-2014,2,76081.0,0,2,1,85,0,1962,1
30-07-2013,2,34728.0,1,2,1,2,0,1986,0
13-10-2012,3,33168.0,0,0,3,0,1,1965,0
25-09-2013,3,33585.0,0,3,1,91,1,1966,0
13-10-2013,4,77037.0,0,3,1,3,1,1960,0
13-11-2012,2,35196.0,1,2,6,68,0,1984,0
05-07-2013,2,44529.0,0,3,6,98,1,1966,4
07-04-2014,1,70924.0,0,3,1,41,0,1965,5
05-06-2014,4,28764.0,1,2,1,16,1,1966,3
16-02-2013,4,69098.0,0,3,1,82,0,1949,0
14-02-2013,1,25959.0,1,1,2,1,1,1970,0
05-04-2013,3,27100.0,1,3,1,64,0,1983,0
05-10-2012,2,70596.0,0,0,1,68,0,1985,0
29-08-2012,2,42557.0,0,3,4,98,1,1974,0
09-08-2013,4,53312.0,0,3,1,32,0,1951,0
27-11-2012,2,72228.0,0,0,1,87,0,1952,0
31-03-2013,2,67605.0,0,2,1,84,0,1987,0
01-10-2012,3,62845.0,1,3,11,3,1,1949,4
25-07-2013,2,65196.0,0,2,2,34,2,1958,3
10-01-2013,4,42000.0,0,0,2,23,0,1987,0
19-05-2014,4,35860.0,1,1,2,37,1,1973,3
11-04-2014,4,65526.0,0,3,1,22,1,1964,0
12-09-2012,2,16860.0,1,3,3,19,1,1961,0
01-05-2014,2,83528.0,0,0,1,7,0,1992,1
03-08-2012,1,64176.0,0,1,8,52,1,1965,0
04-08-2012,2,22304.0,0,1,1,91,0,1956,0
04-03-2014,2,67023.0,0,3,1,93,0,1978,0
25-05-2014,4,32892.0,1,2,2,78,0,1971,0
03-12-2012,2,70713.0,0,2,6,23,1,1966,0
30-11-2012,2,59925.0,0,2,3,83,1,1955,0
24-02-2014,2,39722.0,0,3,2,92,1,1953,0
18-07-2013,2,46610.0,0,2,1,4,0,1958,0
03-07-2013,2,88347.0,0,2,1,32,0,1961,1
01-05-2013,4,87171.0,0,3,1,27,0,1981,3
20-08-2013,1,26907.0,1,2,2,10,1,1976,0
22-01-2014,3,50014.0,1,0,2,9,0,1968,0
22-04-2013,4,41014.0,1,3,1,65,0,1978,0
17-03-2014,2,66294.0,0,0,1,68,0,1965,0
17-11-2012,2,36715.0,1,3,6,16,0,1971,0
22-08-2012,2,79456.0,0,3,1,12,0,1956,0
17-08-2013,2,40479.0,1,2,1,95,0,1982,0
02-02-2013,3,75345.0,0,0,1,16,0,1970,1
04-02-2013,2,54233.0,0,3,4,46,1,1977,0
12-10-2013,2,24163.0,1,0,2,3,1,1970,0
04-01-2013,4,84460.0,0,2,0,80,0,1958,1
03-05-2014,2,43776.0,1,2,1,77,0,1983,0
17-03-2014,4,71691.0,0,0,1,0,0,1958,0
29-05-2014,4,85844.0,0,3,1,62,0,1973,5
26-04-2014,4,39190.0,1,0,2,91,0,1974,0
23-08-2013,2,71367.0,0,2,1,24,0,1959,0
22-06-2013,4,38578.0,1,0,3,2,1,1972,0
12-03-2014,4,57236.0,1,3,3,22,1,1965,0
07-08-2013,2,61825.0,0,0,1,56,1,1979,0
02-06-2014,2,79803.0,0,1,1,54,1,1958,0
31-10-2012,1,80910.0,0,0,1,71,0,1986,0
23-04-2013,3,27590.0,1,2,1,38,0,1982,0
02-01-2013,2,56775.0,0,3,2,62,1,1979,0
08-10-2013,2,83829.0,0,1,0,78,0,1975,1
20-05-2013,1,54210.0,0,3,2,18,1,1979,0
02-08-2013,2,38508.0,1,3,6,95,0,1986,0
26-10-2013,2,53187.0,1,2,2,66,0,1970,0
24-03-2014,2,30023.0,1,3,1,28,0,1972,0
15-11-2013,4,76045.0,0,0,1,78,0,1960,1
19-06-2014,4,50870.0,0,3,1,13,1,1952,0
03-08-2013,1,15315.0,0,3,2,27,0,1970,0
30-01-2014,1,65463.0,1,3,2,17,0,1974,4
31-05-2014,2,66480.0,1,3,7,71,1,1965,0
25-02-2013,2,76773.0,0,1,1,79,0,1954,0
01-03-2013,1,81698.0,0,0,1,1,0,1983,1
09-02-2014,4,54466.0,1,0,1,78,1,1973,0
17-02-2014,3,98777.0,0,0,0,23,0,1960,4
30-08-2013,4,16269.0,1,0,3,75,0,1984,0
28-08-2013,2,71819.0,0,2,3,70,1,1971,4
16-10-2013,4,33569.0,1,3,1,10,0,1983,3
20-09-2013,3,36262.0,0,3,1,24,0,1983,3
16-01-2013,0,22634.0,0,2,1,47,0,1966,0
12-09-2013,1,47025.0,0,3,5,98,1,1978,0
06-10-2013,2,70566.0,0,0,2,4,1,1968,0
22-11-2012,4,31605.0,1,3,2,15,0,1979,0
17-05-2013,3,52034.0,1,1,5,67,1,1973,0
24-12-2013,2,48526.0,1,0,1,32,0,1979,0
18-11-2012,2,46734.0,0,3,2,40,1,1954,0
18-12-2012,2,39552.0,1,1,7,54,1,1962,0
08-08-2012,2,86358.0,1,0,4,78,1,1966,0
24-04-2014,2,46931.0,2,2,2,94,1,1977,0
12-01-2013,0,16581.0,0,0,1,51,0,1985,0
20-12-2013,1,63998.0,0,1,1,42,0,1952,0
15-01-2013,3,67381.0,0,3,4,67,1,1951,4
10-10-2013,2,25930.0,1,0,1,87,1,1967,0
07-06-2014,2,42693.0,1,3,1,29,0,1978,0
12-11-2012,2,85606.0,0,2,2,89,1,1976,1
29-10-2013,2,72903.0,0,0,1,74,0,1985,1
24-05-2014,1,49669.0,1,2,2,97,0,1974,0
05-08-2012,4,36778.0,1,3,3,63,1,1968,0
03-05-2013,4,85696.0,0,1,1,88,0,1962,0
22-05-2014,3,10979.0,0,1,2,34,0,1989,0
02-02-2013,2,49678.0,0,3,2,81,1,1961,0
20-06-2013,3,56129.0,0,2,4,65,1,1953,0
31-01-2013,2,37155.0,1,3,1,51,0,1989,0
11-05-2014,1,21282.0,1,1,2,76,0,1978,0
17-08-2013,4,33419.0,0,0,2,76,1,1962,0
05-11-2013,2,63285.0,0,1,1,84,0,1945,0
21-01-2014,3,21255.0,1,2,4,56,0,1974,0
19-11-2013,2,42162.0,1,2,2,31,0,1981,3
14-09-2012,2,54450.0,1,2,12,0,1,1956,0
12-11-2013,4,57744.0,0,3,2,91,1,1954,0
13-10-2012,2,26576.0,1,0,1,40,0,1986,3
06-07-2013,4,57513.0,0,1,2,59,0,1943,0
29-08-2012,2,68142.0,0,2,3,96,1,1964,0
29-08-2012,2,7500.0,0,3,1,61,1,1979,0
22-09-2012,2,83145.0,0,2,1,14,0,1974,5
03-04-2014,3,54197.0,0,3,2,16,1,1960,0
28-05-2014,4,23091.0,1,0,4,98,1,1963,0
21-07-2013,2,46049.0,1,3,10,11,1,1976,0
05-12-2012,2,56715.0,0,2,1,52,0,1974,0
29-05-2014,2,79410.0,0,3,1,19,0,1961,0
11-03-2013,2,57304.0,0,3,2,61,1,1951,0
23-03-2014,2,44375.0,0,3,1,73,1,1965,0
14-09-2012,2,54450.0,1,2,12,0,1,1956,0
20-10-2012,2,59594.0,0,3,1,74,1,1965,4
22-08-2012,2,80685.0,0,2,1,55,0,1994,0
13-10-2013,4,40344.0,0,3,2,48,1,1974,0
23-05-2013,2,62710.0,0,3,4,53,1,1972,0
05-07-2013,1,48985.0,0,3,1,13,1,1968,0
22-08-2012,2,35322.0,1,2,3,34,2,1968,0
29-05-2013,2,77142.0,0,3,1,54,0,1948,0
22-01-2014,2,81657.0,0,0,1,69,0,1969,0
17-02-2014,0,14421.0,0,3,1,81,0,1996,3
17-03-2014,1,20130.0,0,3,1,99,0,1974,0
26-08-2012,4,74214.0,0,3,1,3,0,1990,0
12-01-2014,3,66726.0,1,3,3,61,1,1957,4
08-01-2013,0,23724.0,1,2,2,65,0,1979,0
13-11-2013,3,47353.0,0,3,3,93,1,1960,0
03-11-2012,3,33444.0,1,3,1,24,1,1952,0
17-05-2013,2,54386.0,0,3,2,8,1,1981,0
13-04-2013,2,28510.0,1,1,3,72,1,1981,0
13-02-2014,3,90638.0,0,0,1,29,0,1991,5
13-01-2013,2,48070.0,0,2,3,33,1,1950,0
05-01-2013,2,43140.0,0,3,1,68,1,1957,0
19-01-2013,4,54959.0,0,1,3,55,1,1961,4
03-05-2013,0,15056.0,1,0,5,76,1,1958,0
08-05-2014,2,26954.0,1,0,1,17,0,1971,0
02-08-2013,2,22327.0,1,0,1,94,0,1985,0
22-08-2013,2,44393.0,1,3,2,86,1,1965,0
25-08-2013,4,62000.0,0,0,1,25,1,1952,1
06-12-2012,4,31497.0,0,2,2,22,1,1962,0
27-02-2014,1,45894.0,0,3,1,15,2,1974,0
22-12-2012,3,78579.0,0,1,1,35,0,1970,0
17-11-2012,3,67369.0,0,1,4,81,1,1969,4
20-04-2014,2,58401.0,0,1,1,55,1,1960,0
17-02-2014,2,62307.0,0,0,1,94,1,1952,0
22-04-2013,3,43641.0,1,3,3,50,1,1969,0
21-04-2013,3,63841.0,0,1,1,64,1,1968,0
01-09-2013,1,46891.0,0,3,1,91,1,1965,0
31-03-2013,3,70091.0,1,3,2,11,0,1969,4
05-04-2014,4,78075.0,0,3,1,72,0,1972,0
09-09-2012,1,59184.0,0,1,3,6,1,1961,0
11-09-2013,2,54809.0,1,3,4,0,1,1977,0
25-01-2013,2,58113.0,0,3,3,66,1,1959,0
31-12-2013,3,51412.0,0,3,2,42,1,1958,0
10-10-2012,2,15287.0,1,1,2,60,0,1979,3
17-08-2013,3,66636.0,0,2,1,64,0,1957,0
20-02-2013,3,50965.0,0,3,3,87,1,1956,3
22-11-2013,4,84618.0,0,3,1,96,0,1965,5
29-10-2013,2,18351.0,0,3,1,1,0,1990,0
16-02-2014,4,40451.0,0,2,1,54,2,1957,3
22-05-2013,2,36317.0,0,2,2,53,1,1965,0
12-10-2013,2,42213.0,0,2,2,96,1,1957,4
15-04-2013,2,65748.0,0,2,2,58,1,1955,0
27-10-2013,2,77044.0,0,2,2,12,1,1972,3
12-03-2013,2,74918.0,0,2,1,78,0,1969,5
31-10-2012,2,56721.0,1,3,5,64,1,1972,0
28-06-2013,2,42160.0,1,0,4,26,1,1975,0
17-07-2013,2,61559.0,0,0,1,8,1,1965,0
08-08-2012,4,33629.0,1,2,5,49,1,1963,0
06-10-2013,4,68682.0,0,2,1,56,0,1991,0
19-01-2013,2,34377.0,0,0,2,55,1,1963,0
22-08-2012,0,8940.0,1,0,3,25,0,1986,0
22-09-2013,2,26228.0,1,3,1,50,0,1973,0
26-01-2013,1,77297.0,0,1,1,84,0,1957,1
30-07-2013,2,40211.0,1,3,2,30,1,1981,3
22-09-2013,4,33438.0,1,1,4,81,1,1958,0
28-04-2013,4,75032.0,0,3,2,74,1,1959,0
12-10-2013,4,61284.0,0,0,1,76,0,1955,4
22-10-2012,2,22518.0,1,3,2,36,0,1986,3
15-08-2013,3,54730.0,0,3,5,64,1,1975,0
30-03-2014,3,38452.0,1,3,3,62,1,1955,0
15-02-2013,2,44421.0,1,1,5,53,1,1971,0
29-06-2013,4,38197.0,1,2,1,86,0,1986,0
09-02-2014,2,41986.0,0,1,3,15,1,1978,0
21-03-2013,2,28427.0,1,2,2,67,0,1983,0
02-05-2014,4,37395.0,1,2,1,47,0,1976,0
26-05-2014,2,64722.0,1,3,4,47,0,1971,0
17-04-2014,3,55249.0,0,2,1,81,1,1956,0
04-10-2013,2,84906.0,0,2,1,98,0,1972,2
04-07-2013,2,28691.0,1,3,1,56,0,1989,0
29-11-2013,2,44213.0,1,0,4,48,1,1952,0
18-01-2014,0,25707.0,1,0,1,18,0,1984,0
03-10-2013,4,59062.0,2,3,2,74,1,1967,0
24-05-2014,2,76624.0,0,0,1,68,1,1962,3
20-04-2014,3,66000.0,0,2,1,36,0,1947,0
04-08-2012,4,27683.0,1,2,4,90,0,1978,0
18-05-2014,2,1730.0,0,1,15,65,0,1971,0
03-12-2012,0,7500.0,1,0,4,63,0,1992,0
05-04-2013,2,40521.0,1,2,1,82,1,1968,0
24-03-2014,4,20427.0,1,2,1,63,0,1973,0
24-05-2014,2,65106.0,0,3,3,55,1,1975,4
27-08-2013,4,69969.0,0,3,1,64,0,1965,1
16-07-2013,2,67433.0,0,3,4,51,2,1952,4
22-02-2013,4,77766.0,0,3,2,97,1,1967,3
12-09-2013,2,74716.0,0,3,2,92,1,1972,0
18-10-2013,2,68118.0,0,1,2,51,1,1963,0
30-07-2012,4,55158.0,1,3,4,72,1,1970,0
03-08-2012,1,62972.0,0,3,2,39,1,1955,0
12-05-2014,2,74190.0,0,3,2,49,1,1975,0
19-03-2014,2,39356.0,1,3,1,21,1,1976,3
16-08-2013,2,76653.0,0,2,1,91,0,1969,1
19-05-2014,4,35860.0,1,1,2,37,1,1973,3
22-05-2013,4,90687.0,0,1,1,98,0,1983,5
05-12-2013,3,73450.0,0,2,1,85,0,1982,1
06-07-2013,2,31454.0,1,3,3,40,1,1960,0
06-03-2014,2,47139.0,1,0,2,2,1,1952,0
08-10-2013,2,83829.0,0,1,0,78,0,1975,1
24-09-2012,4,53378.0,1,3,10,41,1,1963,0
08-02-2013,2,19656.0,1,2,3,94,0,1970,0
20-08-2013,4,45579.0,0,3,1,10,1,1948,0
21-06-2014,1,85485.0,0,0,1,73,0,1958,0
07-04-2014,2,55956.0,0,3,2,22,0,1944,4
22-01-2013,3,64191.0,0,0,3,30,1,1963,0
26-08-2012,2,38808.0,1,0,4,21,0,1972,3
19-03-2013,3,57183.0,1,3,8,51,1,1966,0
21-11-2012,3,23748.0,1,1,3,97,0,1968,0
26-02-2013,2,66303.0,0,3,4,56,1,1971,4
16-12-2013,3,37368.0,1,3,1,4,0,1975,3
01-01-2013,2,40800.0,1,3,2,77,2,1964,0
21-09-2012,2,71847.0,0,1,0,95,0,1978,1
29-11-2013,2,46149.0,0,3,5,36,1,1975,0
09-08-2012,2,78687.0,0,2,1,13,0,1983,5
18-08-2012,1,49118.0,0,1,2,90,0,1971,2
20-09-2012,4,37633.0,1,3,2,49,1,1957,0
21-07-2013,3,39767.0,0,2,2,18,0,1951,0
05-11-2012,0,26997.0,0,3,2,89,0,1951,0
14-03-2013,2,33986.0,1,1,1,43,0,1970,0
23-11-2012,4,57091.0,0,3,2,82,1,1972,4
08-06-2013,1,46831.0,1,3,2,84,1,1969,0
10-02-2013,3,83151.0,0,3,1,80,0,1972,1
30-12-2012,2,52531.0,0,3,2,68,0,1971,0
05-09-2013,2,15759.0,0,3,1,12,0,1956,0
31-07-2013,2,22804.0,1,0,1,75,0,1971,0
18-03-2014,1,43050.0,1,3,2,10,0,1973,0
07-12-2013,4,42997.0,1,0,1,91,1,1977,0
12-04-2014,4,48918.0,1,0,2,21,1,1963,0
29-03-2014,3,60033.0,0,2,2,28,1,1954,0
25-10-2013,4,34043.0,1,2,1,97,0,1978,0
24-06-2013,2,57811.0,0,2,5,49,1,1966,4
19-02-2014,2,78569.0,0,3,1,14,0,1946,5
27-12-2012,2,7500.0,1,0,4,5,1,1978,0
04-06-2013,3,157733.0,1,2,0,37,0,1971,0
04-03-2013,2,94384.0,0,2,0,62,0,1953,1
18-02-2014,1,23148.0,0,3,1,83,0,1985,0
25-02-2013,2,44267.0,1,1,5,48,1,1970,0
01-11-2012,2,71626.0,0,3,1,94,0,1979,4
28-06-2013,2,60894.0,0,2,5,61,1,1966,0
03-04-2013,2,50200.0,1,2,6,70,1,1976,0
23-05-2014,4,81051.0,0,3,1,43,0,1965,4
14-01-2014,2,65169.0,0,3,1,23,0,1982,1
22-07-2013,2,59868.0,0,2,7,37,1,1972,0
31-01-2014,4,65695.0,0,3,2,50,1,1960,0
23-11-2012,3,64857.0,0,0,1,78,0,1956,0
26-08-2013,3,45143.0,0,2,3,74,1,1965,0
06-11-2013,1,74805.0,0,2,5,14,1,1955,0
11-01-2014,1,59060.0,1,3,3,77,0,1989,0
20-04-2013,4,27238.0,1,0,3,39,1,1962,0
01-10-2013,2,47009.0,0,2,4,89,1,1965,0
10-06-2014,1,46094.0,1,3,1,62,1,1973,0
29-07-2013,2,40321.0,1,3,2,59,1,1972,0
01-02-2014,2,37235.0,1,2,1,68,0,1984,0
22-04-2013,3,81843.0,0,3,1,13,0,1960,0
06-06-2013,3,46692.0,0,2,3,37,1,1958,0
07-01-2014,2,77382.0,0,2,2,36,1,1968,5
03-09-2012,2,37774.0,2,0,4,28,0,1977,3
29-03-2014,0,18393.0,1,3,2,2,0,1974,0
14-02-2013,3,72828.0,0,3,6,17,1,1962,0
18-04-2014,2,24711.0,0,3,1,86,0,1982,0
25-09-2013,4,45503.0,1,3,1,54,0,1975,0
12-12-2013,3,6560.0,0,0,0,2,0,1982,0
17-11-2013,4,71604.0,0,2,1,3,0,1945,3
07-03-2014,2,27244.0,1,3,2,84,0,1979,0
12-12-2012,2,48752.0,1,3,5,8,1,1969,0
18-09-2013,2,71434.0,0,3,3,4,1,1962,1
29-07-2013,2,90842.0,0,0,1,57,0,1948,0
18-08-2012,3,88097.0,1,3,1,24,0,1978,1
17-09-2013,2,51948.0,0,3,2,51,1,1975,0
08-05-2013,2,71853.0,0,2,1,29,0,1982,0
20-04-2014,3,35876.0,0,3,1,13,0,1983,0
16-10-2013,2,40049.0,0,1,1,23,1,1952,0
08-08-2012,2,39660.0,1,0,3,36,0,1982,0
29-05-2014,2,50127.0,0,2,1,88,1,1962,4
21-11-2012,3,43263.0,0,3,3,2,1,1977,0
01-10-2012,3,62845.0,1,3,11,3,1,1949,4
16-02-2013,2,18929.0,0,3,1,15,0,1990,0
20-03-2013,0,24367.0,1,0,1,58,0,1982,0
20-02-2013,2,33249.0,1,0,2,11,0,1975,0
10-02-2013,1,26887.0,0,3,1,27,1,1959,0
20-06-2013,4,50150.0,0,3,2,32,0,1983,0
31-08-2013,2,62061.0,0,2,3,12,1,1976,4
03-05-2013,4,85696.0,0,1,1,88,0,1962,0
30-03-2013,4,76542.0,0,2,1,91,0,1956,0
21-10-2013,2,70515.0,0,0,1,12,0,1993,0
08-11-2012,2,18227.0,1,2,1,21,0,1987,0
27-01-2014,2,69139.0,0,3,1,23,1,1965,0
09-11-2012,2,69109.0,0,3,1,10,0,1982,5
17-03-2013,2,69627.0,0,0,2,35,1,1962,0
22-04-2013,2,38136.0,1,3,2,69,0,1978,3
28-04-2014,4,62159.0,0,0,1,68,0,1946,0
29-12-2013,2,80695.0,0,0,1,85,0,1963,0
04-10-2013,3,33316.0,1,0,3,34,1,1971,0
26-09-2012,2,58554.0,1,2,6,55,1,1968,0
23-11-2013,0,17256.0,1,3,2,10,0,1992,3
30-05-2013,2,53034.0,1,1,8,30,1,1974,0
31-07-2012,1,52203.0,0,2,1,36,0,1950,0
25-07-2013,1,59601.0,0,1,4,14,1,1977,4
04-09-2012,3,75154.0,0,0,1,79,1,1958,0
07-11-2013,2,47025.0,0,0,3,52,1,1976,0
25-11-2013,2,37971.0,1,3,1,97,0,1973,0
26-12-2013,3,41335.0,1,1,3,24,0,1968,0
13-05-2014,2,67267.0,0,3,1,0,1,1958,0
29-04-2014,2,57338.0,0,0,2,96,1,1975,0
25-12-2013,1,50523.0,1,2,2,89,1,1960,0
06-05-2013,3,35791.0,2,0,2,94,1,1965,0
04-10-2012,4,50611.0,0,1,6,98,1,1960,4
03-03-2013,4,56242.0,0,3,5,72,1,1969,0
02-12-2012,2,48904.0,0,0,4,1,1,1960,0
30-12-2013,2,56243.0,1,0,6,26,2,1975,0
20-08-2013,2,21355.0,1,3,2,5,0,1985,3
25-06-2013,3,57420.0,0,2,3,22,1,1971,4
01-04-2013,3,,0,2,2,39,1,1970,0
05-05-2014,3,46390.0,0,1,1,56,1,1955,0
03-07-2013,1,54342.0,1,2,4,74,1,1956,0
03-09-2012,2,,1,2,1,87,1,1958,0
12-01-2014,1,,1,0,1,49,1,1964,0
06-10-2012,2,20895.0,1,3,1,24,0,1973,0
15-01-2014,2,92344.0,0,3,0,9,0,1948,3
02-03-2014,4,,1,2,1,17,0,1972,0
20-08-2013,1,26907.0,1,2,2,10,1,1976,0
16-12-2012,2,44964.0,1,2,1,35,1,1980,0
02-05-2014,2,75507.0,0,2,1,56,0,1979,0
11-10-2013,3,53761.0,1,3,6,7,1,1972,0
03-10-2013,2,22682.0,1,2,3,51,0,1973,0
02-03-2014,4,38887.0,1,2,1,17,0,1972,0
09-11-2012,1,41658.0,1,0,2,30,1,1975,0
15-05-2014,4,29791.0,1,3,2,21,0,1972,0
30-07-2013,3,63915.0,0,3,2,2,2,1956,0
22-05-2014,2,39996.0,1,1,1,85,1,1974,0
07-02-2014,2,26759.0,1,1,2,65,0,1972,0
21-04-2013,3,63841.0,0,1,1,64,1,1968,0
10-12-2012,4,51039.0,1,3,2,11,1,1969,0
25-08-2012,2,60544.0,1,3,4,92,1,1961,0
29-03-2014,2,65685.0,0,3,1,54,1,1972,0
21-04-2014,2,37716.0,0,3,2,4,1,1953,0
13-08-2012,2,36864.0,0,0,3,53,1,1957,0
12-10-2012,3,44511.0,1,3,6,39,0,1970,0
07-08-2012,4,36947.0,1,3,4,49,1,1967,0
11-04-2013,3,47352.0,0,2,4,70,1,1951,0
17-12-2013,3,67087.0,0,3,2,40,1,1953,0
08-09-2012,2,57045.0,0,3,3,40,1,1950,0
06-09-2012,4,36957.0,1,1,4,43,1,1953,0
28-09-2012,4,69389.0,0,3,1,17,1,1977,0
20-05-2013,2,80134.0,1,3,2,40,0,1972,1
18-02-2014,3,43142.0,1,3,1,84,1,1969,0
22-01-2014,2,80589.0,0,3,1,25,0,1944,1
13-02-2013,2,34412.0,1,0,3,62,0,1990,0
10-06-2013,2,57537.0,1,0,4,83,0,1979,0
16-01-2013,0,22634.0,0,2,1,47,0,1966,0
23-02-2014,2,51315.0,0,2,1,45,0,1948,0
16-03-2014,2,36026.0,2,3,2,34,1,1972,0
28-01-2014,2,24639.0,1,3,3,3,1,1973,0
11-04-2014,4,34578.0,2,2,1,1,1,1972,0
13-10-2013,1,65704.0,0,0,1,18,0,1972,0
11-11-2012,2,63810.0,0,0,4,45,1,1966,4
16-02-2014,4,54132.0,0,2,1,81,1,1969,0
28-12-2012,2,18690.0,0,3,1,77,0,1959,0
04-05-2013,2,28164.0,1,3,3,23,0,1970,0
13-04-2013,4,34596.0,1,3,1,48,0,1974,0
16-09-2013,4,43269.0,1,3,1,61,0,1972,0
30-03-2014,1,38741.0,1,0,2,60,1,1958,0
04-03-2013,2,31907.0,0,0,1,75,0,1972,0
05-04-2013,3,27100.0,1,3,1,64,0,1983,0
13-02-2014,1,31163.0,1,1,1,54,0,1973,0
19-12-2013,2,92533.0,0,3,1,84,0,1985,1
23-12-2013,2,34853.0,1,0,2,75,1,1973,0
30-10-2013,2,70844.0,1,1,5,16,1,1967,0
04-05-2013,1,31086.0,1,3,2,79,1,1979,3
25-08-2012,2,60544.0,1,3,4,92,1,1961,0
25-01-2013,1,20491.0,0,2,1,16,0,1986,0
23-04-2014,2,42523.0,0,3,1,96,0,1964,0
14-02-2013,2,39922.0,1,3,2,30,0,1983,0
18-07-2013,2,33402.0,1,2,3,60,1,1952,0
21-09-2013,3,36408.0,1,3,1,11,1,1949,0
03-09-2012,2,21645.0,1,2,3,75,0,1979,0
24-10-2012,3,78427.0,0,1,3,36,0,1948,1
27-09-2013,2,82657.0,0,2,1,71,0,1946,1
15-10-2013,2,51876.0,0,3,1,88,0,1958,0
16-12-2012,1,78041.0,0,3,1,93,0,1971,0
01-12-2012,2,52852.0,0,3,4,93,1,1957,3
25-10-2013,4,70038.0,0,2,1,54,0,1982,0
23-03-2014,1,69401.0,0,2,4,41,1,1973,0
17-02-2013,2,46053.0,1,2,3,46,0,1972,0
09-06-2014,2,77343.0,0,3,1,28,0,1965,0
13-11-2013,2,73892.0,0,0,1,40,0,1953,0
30-09-2013,4,40304.0,1,0,1,82,0,1967,0
28-08-2012,4,32727.0,0,2,2,38,0,1965,0
25-06-2014,2,68695.0,0,2,1,3,0,1969,0
13-10-2012,2,43300.0,0,1,3,87,1,1971,0
12-01-2013,2,26290.0,1,2,4,49,1,1972,0
12-02-2014,2,93790.0,0,0,0,16,0,1970,1
14-09-2012,4,38410.0,0,3,2,65,0,1974,0
26-01-2014,3,64866.0,0,1,4,9,1,1950,4
19-08-2013,2,57957.0,0,2,7,24,1,1959,0
13-04-2014,4,46015.0,1,2,1,25,1,1955,2
18-06-2014,2,16531.0,1,2,3,43,0,1978,0
08-07-2013,3,28072.0,1,3,1,10,0,1986,0
20-06-2013,3,49476.0,0,1,4,29,1,1963,0
13-02-2013,2,50725.0,0,3,4,45,1,1953,0
12-05-2013,2,83844.0,0,2,1,57,0,1952,5
08-02-2014,4,41145.0,1,3,1,20,1,1950,0
16-01-2013,2,67419.0,0,2,4,29,1,1970,0
21-12-2013,1,23162.0,1,3,3,82,1,1970,0
02-05-2013,2,34380.0,1,3,4,68,0,1977,0
27-04-2013,2,34704.0,0,0,1,65,1,1966,0
01-09-2012,4,94871.0,0,3,1,99,2,1969,4
16-11-2012,2,65148.0,0,3,2,9,1,1958,0
12-02-2013,2,39898.0,0,2,2,20,1,1954,0
23-11-2012,3,64857.0,0,0,1,78,0,1956,0
02-11-2013,4,59892.0,0,3,1,26,1,1970,0
28-10-2013,3,41020.0,0,0,1,68,0,1987,0
24-01-2014,4,57072.0,0,3,2,79,1,1961,3
01-04-2013,2,60474.0,0,0,7,25,1,1979,0
31-08-2012,2,62807.0,0,2,3,83,1,1960,0
16-10-2013,1,19414.0,1,2,1,32,0,1981,0
22-08-2013,2,19107.0,1,3,2,49,0,1980,0
02-08-2012,1,75484.0,0,2,2,50,1,1976,0
03-03-2013,3,70379.0,0,0,3,84,1,1976,0
22-06-2014,3,79419.0,0,2,1,96,0,1970,0
10-06-2014,4,64014.0,2,2,7,56,1,1946,1
11-01-2013,2,76998.0,0,3,2,85,1,1955,5
10-11-2013,3,49854.0,1,2,5,63,0,1972,0
24-06-2013,4,60585.0,1,3,10,17,1,1971,0
21-01-2013,4,42873.0,1,1,4,11,1,1950,0
27-07-2013,2,87679.0,0,2,1,62,0,1988,1
01-10-2013,2,57867.0,1,2,7,48,0,1978,0
11-12-2013,2,35765.0,1,3,2,86,0,1990,0
26-01-2014,2,65492.0,0,3,2,73,0,1959,0
01-12-2013,2,32952.0,1,1,1,36,0,1977,0
16-08-2012,4,53374.0,0,2,6,34,1,1969,3
13-11-2012,2,71706.0,0,2,4,16,1,1959,0
13-01-2013,2,68487.0,0,3,1,48,0,1988,0
11-02-2013,3,53253.0,1,2,7,61,1,1975,0
13-02-2014,1,31163.0,1,1,1,54,0,1973,0
17-08-2012,2,42014.0,1,3,6,56,0,1977,0
05-11-2012,3,54108.0,1,3,13,74,1,1973,0
20-08-2012,4,49667.0,0,0,2,35,0,1955,3
20-03-2014,3,63206.0,0,3,1,65,0,1974,5
09-07-2013,3,57136.0,1,3,9,48,1,1972,0
07-11-2012,1,46772.0,0,2,6,88,1,1975,3
25-10-2013,4,78931.0,0,3,1,19,0,1971,0
08-06-2013,2,53977.0,0,2,5,21,1,1958,0
02-02-2014,2,84219.0,0,3,1,27,0,1988,0
18-08-2012,3,46098.0,1,0,4,86,1,1975,0
25-11-2012,2,73538.0,0,3,3,92,1,1965,0
27-04-2014,2,79529.0,0,3,1,1,0,1986,0
30-04-2013,1,20981.0,0,2,1,14,0,1977,0
11-03-2014,2,51766.0,1,0,2,74,0,1980,0
28-11-2012,2,55759.0,0,3,5,84,1,1962,0
09-09-2013,2,33039.0,1,3,1,4,0,1978,0
20-09-2013,3,37787.0,1,3,1,50,0,1972,0
11-11-2012,2,27242.0,1,0,2,2,0,1970,0
03-06-2013,4,87188.0,0,0,1,73,0,1983,0
26-05-2013,2,69930.0,0,2,1,21,0,1971,0
07-02-2014,2,37697.0,1,0,1,82,0,1976,0
06-05-2014,4,37401.0,1,3,2,14,0,1973,0
13-04-2013,2,3502.0,1,0,0,56,0,1973,0
20-11-2012,2,58597.0,1,3,12,20,1,1976,0
05-04-2014,4,82032.0,0,1,0,54,0,1948,0
11-12-2012,2,28087.0,1,2,3,77,1,1958,0
24-02-2014,4,74004.0,0,0,1,5,0,1987,1
24-03-2013,2,19740.0,0,2,2,65,1,1960,0
11-12-2012,1,57036.0,0,3,4,33,1,1975,3
15-05-2013,1,53083.0,1,2,6,65,1,1958,4
14-06-2014,4,69283.0,0,3,4,41,1,1975,0
18-08-2012,3,46098.0,1,0,4,86,1,1975,0
04-09-2012,1,23331.0,1,3,2,92,0,1988,0
05-10-2012,1,23331.0,1,0,6,97,0,1988,0
20-12-2013,2,9255.0,1,0,1,91,0,1989,0
07-12-2013,4,67786.0,0,1,1,0,0,1959,0
16-10-2012,4,71969.0,0,3,3,59,1,1971,4
12-01-2013,3,59235.0,1,0,3,4,0,1967,0
28-03-2014,2,31928.0,1,2,2,5,0,1989,0
08-03-2013,3,74881.0,1,2,4,48,1,1961,0
29-11-2012,2,65819.0,0,3,1,99,0,1978,0
26-05-2013,4,51411.0,1,0,1,81,2,1953,0
31-08-2012,2,51983.0,0,1,3,95,1,1964,0
13-01-2013,3,42386.0,1,2,1,43,0,1986,0
02-09-2013,1,30390.0,0,3,1,5,0,1987,0
09-11-2012,2,30983.0,0,0,1,50,0,1963,0
20-01-2013,2,66033.0,0,1,2,76,1,1957,0
29-03-2013,1,37284.0,1,3,1,46,1,1975,0
12-10-2013,3,57530.0,0,1,1,68,1,1951,0
08-03-2014,1,76800.0,0,3,1,33,0,1965,0
02-09-2012,2,63943.0,0,3,1,50,1,1956,0
23-05-2014,2,76081.0,0,2,1,85,0,1962,1
12-08-2012,2,67445.0,0,3,5,63,1,1974,0
15-09-2013,3,37054.0,1,3,2,89,1,1967,0
28-10-2012,3,47175.0,1,2,7,81,1,1962,3
14-06-2013,2,31859.0,1,1,1,77,0,1976,0
23-01-2013,2,27215.0,2,1,4,50,1,1961,0
21-07-2013,4,70179.0,0,1,3,10,1,1976,0
14-02-2013,2,39922.0,1,3,2,30,0,1983,0
04-11-2013,3,49681.0,0,3,6,66,2,1976,0
01-11-2012,2,24645.0,1,3,1,16,0,1988,0
18-06-2014,2,79865.0,0,1,1,12,1,1954,0
16-06-2014,2,44322.0,1,3,2,30,0,1985,0
19-01-2013,2,47958.0,0,0,2,8,1,1952,0
02-12-2012,3,63972.0,0,0,4,93,1,1964,4
15-04-2014,2,75315.0,0,2,2,14,1,1954,0
27-09-2012,4,55517.0,1,3,5,53,1,1950,0
27-03-2013,4,75283.0,1,3,11,26,2,1957,0
24-11-2012,4,82800.0,0,0,1,23,0,1946,1
03-11-2012,2,38998.0,1,3,3,92,1,1954,0
13-02-2014,3,90638.0,0,0,1,29,0,1991,5
28-10-2013,3,27161.0,1,3,1,41,0,1986,0
17-08-2012,2,42014.0,1,3,6,56,0,1977,0
29-03-2013,4,38201.0,0,2,4,19,1,1960,0
23-03-2014,2,45203.0,2,2,1,4,0,1982,0
28-04-2014,4,81574.0,0,2,1,89,0,1947,4
21-06-2013,2,34935.0,0,3,1,71,0,1992,0
23-01-2013,3,60482.0,0,0,1,81,1,1976,0
23-01-2014,2,34633.0,2,2,1,31,1,1956,0
11-12-2013,3,78093.0,0,2,1,53,0,1947,0
02-12-2013,2,82460.0,0,1,1,78,0,1950,0
23-04-2014,3,45903.0,0,2,2,80,1,1966,0
25-02-2014,2,81361.0,0,1,1,18,0,1987,0
19-05-2014,4,35860.0,1,1,2,37,1,1973,3
19-08-2012,3,40442.0,1,2,4,52,1,1952,0
27-06-2014,2,61482.0,0,3,1,39,0,1965,0
10-04-2013,2,34968.0,1,3,7,11,0,1980,0
24-12-2013,2,75794.0,0,3,1,33,0,1987,1
06-12-2012,4,31497.0,0,2,2,22,1,1962,0
14-02-2013,2,74268.0,0,3,1,83,0,1955,0
31-08-2012,0,13724.0,1,2,1,43,0,1988,3
26-08-2013,3,45143.0,0,2,3,74,1,1965,0
05-04-2014,4,52569.0,0,0,1,54,1,1967,0
18-10-2012,4,48432.0,0,0,5,3,1,1973,0
15-02-2014,3,17144.0,1,2,5,96,1,1960,0
15-10-2013,2,36108.0,1,0,3,68,0,1984,3
28-09-2012,2,76445.0,1,3,1,2,0,1971,0
25-04-2014,4,36663.0,1,3,1,40,0,1975,0
27-06-2013,3,53843.0,0,3,4,64,1,1965,0
26-09-2012,3,90226.0,0,3,1,26,0,1956,1
01-06-2013,3,70638.0,0,1,1,69,0,1955,4
30-08-2013,2,44512.0,1,2,2,57,1,1960,0
02-03-2014,2,27116.0,1,3,2,78,1,1961,0
27-07-2013,4,54072.0,1,3,1,71,1,1963,0
16-01-2013,2,71855.0,0,3,4,59,1,1977,0
30-03-2013,1,51250.0,1,0,5,28,0,1990,3
09-03-2014,3,60432.0,0,3,5,61,1,1973,0
11-04-2014,4,65526.0,0,3,1,22,1,1964,0
10-08-2012,2,68655.0,0,0,1,95,0,1988,0
04-12-2012,1,12393.0,0,3,1,38,0,1978,0
17-08-2013,2,64509.0,0,0,1,19,0,1990,3
09-08-2013,2,33955.0,1,0,4,92,0,1975,0
29-12-2013,2,31353.0,1,3,2,24,1,1977,0
05-10-2013,2,55434.0,1,3,3,21,0,1984,0
27-10-2013,2,28359.0,1,2,1,35,0,1983,0
18-05-2014,2,57100.0,1,0,2,9,0,1987,0
27-01-2014,2,69139.0,0,3,1,23,1,1965,0
08-11-2012,3,52973.0,0,3,7,92,1,1956,0
20-08-2013,4,51717.0,0,2,1,55,1,1965,4
12-01-2013,2,18793.0,1,3,3,14,0,1971,0
25-09-2012,1,66664.0,0,2,1,78,0,1982,0
16-01-2013,2,50664.0,1,0,9,64,1,1959,0
23-01-2013,2,54414.0,1,2,4,49,1,1963,0
03-03-2014,4,54549.0,0,3,2,8,1,1952,0
08-09-2012,4,47111.0,0,1,6,35,1,1971,0
17-03-2013,4,41003.0,0,1,1,11,0,1963,0
22-02-2014,2,19444.0,1,2,3,8,0,1982,0
25-10-2013,1,36301.0,1,2,1,53,0,1976,0
31-08-2013,4,73059.0,0,2,1,36,1,1947,0
21-10-2013,4,42731.0,1,2,3,64,0,1969,0
24-03-2014,4,52854.0,1,3,2,43,1,1959,0
19-06-2013,2,22775.0,1,2,1,40,0,1978,0
08-10-2013,4,46681.0,0,2,2,52,2,1948,0
12-04-2013,4,59821.0,0,3,6,11,1,1955,0
17-06-2013,2,50002.0,0,1,2,21,1,1954,0
02-10-2013,2,69755.0,0,3,1,23,0,1945,0
19-06-2014,2,44078.0,1,3,2,17,1,1969,0
27-06-2013,3,30560.0,1,2,1,6,0,1976,0
23-03-2014,3,35924.0,1,2,1,56,1,1969,0
23-09-2013,4,64140.0,0,1,5,71,2,1964,2
27-10-2012,2,56386.0,1,2,8,51,1,1981,0
10-12-2013,0,24594.0,1,2,1,94,0,1979,0
02-05-2014,1,75774.0,1,2,1,27,0,1981,0
10-05-2013,3,39228.0,0,1,1,1,0,1960,0
12-12-2013,3,58494.0,0,3,2,56,1,1974,0
16-06-2014,2,58684.0,0,0,1,71,0,1981,4
18-05-2013,2,57136.0,0,1,1,18,0,1967,0
07-05-2014,4,56551.0,1,1,3,48,1,1950,0
26-02-2014,2,22448.0,1,3,3,86,0,1982,0
20-08-2012,2,82014.0,0,0,1,48,0,1961,0
07-09-2012,2,34213.0,1,1,3,2,1,1963,0
29-04-2013,2,157146.0,0,2,0,13,0,1977,0
22-07-2013,4,25358.0,0,1,2,57,1,1947,0
08-03-2014,3,35544.0,1,0,1,77,0,1978,0
28-05-2013,3,36634.0,0,2,3,0,1,1954,0
02-02-2014,4,62670.0,0,3,1,57,1,1954,0
24-07-2013,1,50334.0,0,2,6,24,1,1972,0
23-06-2014,2,72066.0,0,0,1,55,0,1981,1
02-05-2013,4,50729.0,1,0,9,62,1,1958,0
15-05-2013,2,34916.0,2,2,4,89,0,1968,0
29-05-2014,2,64892.0,0,1,2,77,1,1976,0
10-01-2014,2,43602.0,1,0,3,45,1,1966,0
11-09-2013,4,33996.0,0,0,1,46,0,1989,0
19-06-2013,1,41473.0,1,0,1,80,0,1985,0
20-08-2013,4,63246.0,0,3,1,60,2,1967,0
29-12-2013,4,36732.0,1,3,3,71,1,1959,0
19-11-2013,4,69084.0,1,3,2,43,0,1970,0
22-02-2013,4,77766.0,0,3,2,97,1,1967,3
30-07-2013,4,37929.0,0,0,2,49,0,1985,1
05-09-2013,2,86610.0,0,2,1,66,0,1951,0
11-01-2013,3,80141.0,0,3,1,20,0,1986,5
03-06-2013,1,72635.0,0,3,1,54,0,1955,1
22-11-2012,2,69016.0,0,3,4,61,1,1970,0
28-11-2012,1,20193.0,0,2,1,18,0,1991,0
25-03-2013,2,27573.0,1,3,4,45,0,1975,0
27-06-2013,0,15862.0,1,0,1,26,0,1979,0
12-02-2013,4,49544.0,1,3,2,0,0,1976,0
23-01-2014,2,33228.0,1,3,1,28,0,1980,0
08-10-2013,2,70440.0,0,2,1,49,0,1978,1
17-01-2014,2,38232.0,1,2,4,84,1,1971,0
03-11-2012,4,22554.0,1,3,4,38,1,1955,0
04-06-2014,4,23536.0,1,3,1,53,0,1983,0
25-10-2013,2,49413.0,0,3,2,88,1,1952,0
25-03-2014,2,42231.0,1,3,1,99,1,1969,0
08-08-2012,3,78789.0,0,1,1,12,0,1980,0
23-07-2013,2,56534.0,0,2,4,35,1,1968,2
04-01-2013,2,58350.0,0,0,4,5,1,1971,0
19-07-2013,2,81217.0,0,0,1,77,0,1989,0
19-07-2013,2,49090.0,0,0,3,45,1,1951,0
06-07-2013,3,61787.0,0,1,1,71,0,1987,0
19-02-2013,4,18169.0,1,3,1,40,0,1985,0
27-08-2012,1,24336.0,1,0,1,82,0,1981,0
31-12-2012,2,18222.0,0,3,1,70,0,1990,0
23-05-2013,2,62335.0,0,1,2,87,1,1952,0
19-09-2012,1,42033.0,1,2,1,95,1,1971,0
27-02-2013,4,86580.0,0,3,0,72,0,1983,5
22-09-2012,4,41437.0,1,1,1,5,1,1957,0
05-03-2014,3,73705.0,0,1,2,86,2,1951,0
31-08-2012,2,61064.0,0,3,5,80,1,1976,0
30-03-2014,3,38452.0,1,3,3,62,1,1955,0
20-11-2013,2,18358.0,1,0,3,49,0,1989,0
21-03-2014,4,55012.0,0,2,6,85,1,1973,0
02-10-2012,0,9722.0,1,2,4,7,0,1973,0
23-09-2013,4,38175.0,1,3,3,6,0,1984,0
20-09-2012,3,58656.0,0,2,4,25,1,1956,5
16-08-2012,2,52117.0,0,2,2,55,1,1965,0
02-01-2014,2,64813.0,1,3,1,81,0,1978,0
01-03-2014,4,54222.0,0,3,1,98,1,1973,0
17-06-2014,2,83512.0,0,3,1,31,0,1986,1
28-08-2013,3,77520.0,0,3,1,30,1,1959,1
09-04-2013,2,41154.0,0,2,1,98,1,1978,0
10-11-2012,2,80398.0,0,3,1,92,0,1966,5
29-05-2014,0,18746.0,1,0,2,41,0,1992,0
13-11-2012,2,35196.0,1,2,6,68,0,1984,0
20-05-2013,2,60230.0,0,0,2,78,1,1956,0
08-05-2014,2,22108.0,1,3,2,46,1,1977,0
05-09-2013,2,44392.0,1,2,5,71,1,1974,0
25-11-2012,4,55424.0,0,3,4,6,1,1976,3
13-01-2013,2,17688.0,1,3,1,82,0,1979,0
01-05-2013,4,92491.0,0,3,1,71,0,1983,1
14-12-2013,2,90273.0,0,0,1,32,0,1991,1
02-04-2014,4,82571.0,0,1,0,28,0,1962,5
28-01-2014,4,38513.0,1,0,5,20,0,1982,0
18-04-2014,3,16653.0,1,0,3,10,0,1979,0
29-10-2012,2,42586.0,1,2,5,7,1,1955,0
07-01-2013,0,23529.0,0,0,1,67,1,1965,0
08-03-2013,3,74881.0,1,2,4,48,1,1961,0
17-02-2013,2,71107.0,0,3,2,61,1,1951,0
23-03-2014,4,46910.0,1,2,2,36,1,1964,0
28-12-2012,2,18690.0,0,3,1,77,0,1959,0
27-04-2013,2,37244.0,1,1,1,90,1,1955,3
12-03-2014,2,82427.0,0,2,1,35,0,1966,5
06-05-2013,1,75342.0,0,0,1,38,1,1958,0
18-02-2013,2,70044.0,0,1,4,46,1,1954,0
24-04-2014,2,79146.0,1,0,2,33,1,1967,0
26-11-2013,2,77437.0,0,3,1,70,0,1963,5
24-05-2014,2,54984.0,0,3,4,51,1,1959,1
11-12-2013,4,42403.0,1,3,1,18,0,1971,0
24-04-2014,2,55761.0,0,2,2,97,1,1964,4
18-04-2013,2,37292.0,1,2,5,32,0,1983,0
28-05-2014,4,45576.0,0,0,1,9,0,1945,0
16-01-2013,2,70321.0,0,2,1,6,0,1947,0
20-01-2013,4,58086.0,0,1,2,80,1,1969,0
26-10-2012,2,81795.0,0,3,1,74,0,1952,0
20-11-2012,0,28389.0,0,2,1,49,0,1947,0
28-09-2013,3,66835.0,0,3,1,21,0,1946,0
29-05-2013,2,69901.0,0,1,3,95,1,1969,0
03-03-2013,4,80360.0,0,3,2,56,0,1949,1
16-10-2012,4,63342.0,0,2,3,48,1,1961,4
12-09-2012,2,44989.0,0,3,5,26,1,1974,0
27-02-2014,1,31859.0,1,0,1,3,0,1980,0
12-02-2013,4,51569.0,0,1,4,39,1,1949,4
25-12-2012,2,30372.0,1,1,3,33,1,1971,0
17-03-2013,0,16014.0,1,0,4,42,1,1979,0
06-11-2013,2,41120.0,1,3,3,80,1,1968,0
04-08-2013,3,39763.0,1,0,2,9,0,1971,0
10-05-2014,4,38725.0,1,3,2,52,1,1955,0
26-05-2013,2,77981.0,1,3,3,78,0,1972,0
10-09-2013,1,62905.0,0,3,3,68,1,1964,0
10-03-2013,1,13533.0,1,1,2,45,0,1979,0
23-10-2013,2,59481.0,0,2,2,47,1,1975,0
20-08-2013,2,72117.0,0,3,1,34,1,1977,0
07-09-2013,1,21955.0,1,3,2,81,0,1986,0
26-03-2013,2,67131.0,0,3,3,72,1,1956,0
16-06-2014,4,36802.0,1,0,1,23,0,1980,0
08-05-2013,2,71853.0,0,2,1,29,0,1982,0
15-06-2014,0,28249.0,0,3,1,80,0,1961,0
20-10-2013,3,47808.0,0,3,2,30,1,1975,3
18-09-2012,4,25509.0,1,1,3,15,0,1974,0
18-04-2013,4,51012.0,0,3,1,86,0,1946,0
05-10-2012,2,70596.0,0,0,1,68,0,1985,0
08-06-2013,4,85431.0,0,2,1,54,0,1952,0
18-03-2014,2,42664.0,0,3,1,44,1,1967,0
29-10-2012,2,42586.0,1,2,5,7,1,1955,0
29-08-2012,2,29760.0,1,0,4,87,0,1985,0
13-10-2012,4,28973.0,0,3,2,59,0,1977,0
06-08-2013,4,39435.0,1,2,1,16,0,1973,0
01-08-2013,1,65370.0,0,3,1,1,0,1984,0
17-12-2012,0,20194.0,1,0,2,64,0,1979,0
17-02-2014,4,42473.0,1,0,3,72,1,1976,0
14-10-2012,2,64590.0,0,3,1,98,0,1968,0
28-11-2013,2,71232.0,0,2,2,91,1,1959,0
01-01-2013,2,34600.0,1,2,5,8,1,1971,0
03-11-2012,2,46904.0,1,0,4,20,1,1967,0
21-09-2012,2,49094.0,0,3,5,6,1,1973,0
09-12-2013,2,36075.0,1,2,1,54,0,1983,0
28-08-2012,1,60839.0,1,2,13,72,1,1979,0
02-11-2013,2,77298.0,0,2,1,46,1,1979,0
05-08-2013,2,34026.0,1,2,3,11,1,1950,0
12-04-2014,4,48918.0,1,0,2,21,1,1963,0
15-08-2013,1,82122.0,0,2,1,89,0,1962,5
07-02-2014,2,37697.0,1,0,1,82,0,1976,0
13-07-2013,2,34074.0,1,2,5,69,1,1952,3
14-06-2013,3,28520.0,1,3,1,55,1,1960,0
03-10-2013,2,62535.0,0,0,1,13,1,1955,0
16-04-2014,3,36273.0,1,0,2,80,0,1977,0
06-06-2014,2,63404.0,0,2,2,97,2,1964,1
02-05-2014,1,75774.0,1,2,1,27,0,1981,0
27-06-2014,2,78416.0,0,2,2,99,1,1976,0
14-10-2012,2,75702.0,0,2,1,87,1,1974,5
28-04-2013,3,59385.0,1,2,2,85,1,1951,0
20-03-2013,2,37070.0,1,0,9,30,1,1966,0
10-01-2014,2,44689.0,1,3,2,82,1,1951,3
08-06-2013,2,53977.0,0,2,5,21,1,1958,0
07-12-2013,4,7144.0,0,0,0,92,2,1966,0
04-06-2013,2,18701.0,1,0,4,95,1,1964,0
28-04-2014,2,90369.0,0,3,1,2,0,1956,0
05-11-2012,4,63159.0,0,0,1,74,0,1974,3
04-10-2012,2,37758.0,1,2,2,49,1,1966,0
16-11-2012,4,46757.0,0,0,6,71,1,1963,0
28-06-2014,3,79734.0,0,3,1,72,0,1969,1
20-01-2013,2,63207.0,0,2,1,68,0,1992,1
14-02-2013,2,72071.0,0,1,3,4,1,1954,0
21-07-2013,4,21840.0,1,2,1,80,0,1983,0
28-09-2013,1,58582.0,0,2,2,15,1,1982,4
19-07-2013,2,72282.0,0,0,1,70,0,1951,0
31-08-2013,2,50387.0,0,3,3,91,2,1956,0
15-06-2014,4,32583.0,1,2,1,10,1,1961,0
07-04-2014,2,62568.0,0,2,3,99,1,1962,1
11-10-2013,3,44635.0,1,1,2,25,1,1971,0
04-10-2013,3,33316.0,1,0,3,34,1,1971,0
09-08-2013,2,63967.0,0,3,3,57,1,1968,0
04-09-2012,1,52513.0,0,2,2,84,0,1978,0
15-09-2013,2,25293.0,1,3,1,51,0,1969,0
25-08-2013,4,54111.0,0,1,2,97,1,1965,0
15-02-2013,2,78394.0,0,2,1,13,0,1986,0
23-05-2013,3,80739.0,0,3,1,92,0,1958,0
22-05-2013,3,22669.0,1,2,3,30,0,1975,0
08-10-2013,2,29236.0,1,0,2,30,0,1987,0
15-03-2013,2,44911.0,0,2,3,11,1,1959,0
17-02-2013,4,54693.0,0,3,8,72,1,1962,0
20-03-2014,2,48186.0,1,2,3,39,0,1974,0
11-09-2013,2,54809.0,1,3,4,0,1,1977,0
10-12-2012,2,41580.0,1,2,3,15,1,1978,0
09-09-2013,4,80336.0,0,3,1,12,0,1970,0
22-03-2013,2,47743.0,0,3,3,56,1,1957,4
03-08-2012,1,62972.0,0,3,2,39,1,1955,0
22-09-2012,4,57333.0,0,1,11,55,1,1954,0
11-02-2013,4,32313.0,1,2,3,60,0,1982,0
03-06-2013,3,84953.0,0,1,1,73,0,1953,1
23-04-2014,3,27071.0,1,1,2,90,0,1968,0
31-08-2013,3,68148.0,0,2,1,86,0,1957,0
07-12-2013,3,65735.0,1,2,5,37,1,1965,0
12-09-2012,4,86836.0,0,3,1,7,0,1975,1
23-06-2014,4,4023.0,1,3,15,29,1,1963,0
08-07-2013,2,30093.0,0,3,1,19,0,1990,0
11-01-2014,4,57705.0,0,3,3,14,1,1966,0
02-02-2014,2,25008.0,1,0,2,72,0,1988,0
18-09-2012,1,83257.0,0,0,1,56,0,1995,3
19-05-2013,2,22280.0,1,2,1,85,0,1975,0
29-10-2012,4,72159.0,0,3,1,62,0,1978,0
11-01-2013,2,64260.0,0,2,1,1,0,1961,0
10-09-2013,4,82733.0,0,0,1,28,0,1984,0
12-08-2013,3,74290.0,0,1,4,70,1,1971,1
17-11-2012,3,58217.0,2,0,1,84,1,1951,0
04-07-2013,3,21024.0,0,2,1,89,0,1976,0
26-01-2013,4,70116.0,0,3,1,73,0,1972,0
18-09-2012,2,54006.0,1,2,2,42,0,1985,0
07-11-2012,4,69063.0,0,3,1,16,1,1966,0
15-12-2013,1,11448.0,0,1,1,16,0,1975,0
07-08-2013,2,61825.0,0,0,1,56,1,1979,0
14-10-2013,2,70886.0,1,3,1,65,0,1971,0
09-11-2012,2,69109.0,0,3,1,10,0,1982,5
07-10-2012,2,60208.0,1,1,11,13,1,1973,4
06-09-2013,3,32889.0,1,2,3,78,1,1968,0
11-05-2014,2,34738.0,1,0,1,51,0,1984,0
01-10-2012,3,30538.0,1,2,4,27,0,1971,0
10-03-2014,1,82326.0,0,2,1,30,0,1977,1
01-03-2014,4,26642.0,1,1,2,71,0,1967,0
12-06-2013,2,69932.0,0,1,2,97,1,1964,0
16-04-2014,2,44503.0,1,0,2,83,1,1972,0
02-01-2013,4,60200.0,0,0,6,3,1,1948,0
19-04-2014,2,49638.0,0,1,1,71,1,1952,0
07-02-2014,1,23830.0,0,0,1,3,0,1987,0
16-08-2012,3,33051.0,0,1,3,15,0,1959,0
21-01-2014,2,72905.0,0,3,1,52,0,1958,1
19-02-2013,4,69702.0,0,2,2,8,1,1951,0
15-07-2013,2,70300.0,1,1,3,89,0,1975,0
15-10-2012,4,70643.0,0,3,1,66,0,1984,0
30-04-2014,4,30396.0,1,3,2,22,0,1969,3
18-04-2014,4,50616.0,0,1,2,56,1,1968,0
19-05-2013,3,62772.0,0,0,1,74,1,1969,4
19-05-2014,4,30298.0,0,0,1,48,0,1985,0
03-11-2012,2,52413.0,1,0,2,67,0,1984,0
19-01-2014,4,44155.0,1,3,1,24,1,1957,0
07-11-2013,4,86979.0,0,1,1,67,0,1971,3
09-09-2013,2,76532.0,1,2,4,38,1,1975,0
26-02-2013,2,42081.0,1,3,2,86,0,1982,3
31-08-2012,4,67546.0,0,3,1,90,0,1988,0
02-05-2014,3,88420.0,0,2,1,87,0,1989,1
27-01-2013,2,31158.0,1,3,2,62,0,1985,0
03-06-2014,2,61671.0,0,1,8,23,1,1968,1
26-05-2014,2,69719.0,0,0,1,99,0,1974,0
20-10-2013,2,49160.0,0,1,2,29,1,1949,0
09-09-2012,0,24882.0,1,2,1,52,0,1978,3
31-03-2014,4,90933.0,0,0,1,90,0,1954,5
28-05-2014,4,113734.0,0,0,0,9,0,1945,0
13-06-2013,4,59292.0,0,2,2,71,1,1950,0
23-02-2013,4,45759.0,1,3,2,13,1,1964,0
13-04-2014,2,22148.0,0,0,1,16,0,1983,0
18-03-2014,3,73395.0,0,3,1,94,0,1987,0
24-10-2013,2,29819.0,1,1,3,77,0,1971,0
25-01-2014,2,45688.0,0,3,2,20,1,1968,4
11-05-2013,2,62820.0,0,3,1,51,0,1954,0
06-09-2013,4,60491.0,0,3,4,81,1,1971,0
05-02-2014,2,33235.0,1,2,1,71,0,1986,0
19-03-2013,2,35701.0,0,3,1,36,0,1959,0
26-09-2013,3,31535.0,1,3,1,95,0,1980,3
20-04-2014,1,92556.0,0,2,0,32,0,1960,0
10-11-2012,2,67384.0,0,0,2,32,1,1970,4
14-10-2012,3,80573.0,0,2,1,85,0,1971,0
22-08-2012,2,77870.0,0,3,3,93,1,1967,1
25-01-2013,4,52278.0,0,1,6,24,1,1963,0
24-08-2012,2,57107.0,0,0,7,44,1,1968,2
16-02-2013,2,18929.0,0,3,1,15,0,1990,0
31-05-2013,4,36038.0,1,0,2,82,0,1981,0
20-02-2013,2,20180.0,0,0,1,27,0,1976,0
26-12-2012,4,34230.0,1,2,1,72,1,1965,0
22-06-2014,1,31878.0,0,0,1,7,1,1977,0
19-01-2014,1,70932.0,0,3,2,57,1,1972,0
20-10-2012,2,91249.0,0,0,0,84,0,1956,1
01-10-2013,3,77598.0,0,0,1,53,0,1943,5
08-01-2013,2,80982.0,1,0,3,48,1,1959,0
05-09-2013,3,22701.0,1,3,1,2,0,1977,0
23-11-2012,4,55212.0,0,3,3,65,1,1969,2
23-06-2013,2,70617.0,0,3,1,45,0,1970,0
13-11-2012,2,64849.0,0,0,1,42,0,1957,0
17-06-2013,3,62694.0,1,3,5,29,1,1965,0
20-11-2013,4,61917.0,1,3,1,83,1,1974,0
28-09-2013,4,67472.0,0,3,2,93,1,1947,0
07-01-2014,3,21059.0,1,3,3,40,0,1982,0
01-04-2014,3,29543.0,2,3,2,47,0,1968,0
08-04-2013,2,75903.0,0,3,2,50,1,1951,0
06-09-2012,1,34984.0,1,2,2,40,1,1975,0
10-03-2013,4,54998.0,0,0,5,3,1,1956,0
19-11-2012,4,54356.0,0,1,3,62,1,1949,0
23-03-2014,3,34242.0,0,3,1,25,1,1959,0
31-08-2013,2,25410.0,1,3,1,48,0,1973,0
06-02-2014,4,73356.0,0,3,1,56,0,1984,1
14-01-2013,2,28320.0,0,2,1,68,1,1950,0
07-08-2012,2,23763.0,1,0,1,64,0,1977,0
25-04-2014,2,72570.0,0,3,1,67,0,1984,0
14-09-2012,3,34529.0,1,3,2,94,0,1976,0
06-02-2013,2,70792.0,0,1,2,82,0,1951,0
02-11-2012,2,63211.0,0,3,2,3,0,1982,0
20-06-2014,3,83891.0,0,3,1,24,1,1974,0
31-03-2013,2,36065.0,1,0,3,54,1,1968,0
12-02-2013,2,39898.0,0,2,2,20,1,1954,0
08-07-2013,4,51141.0,0,0,1,96,0,1940,0
18-09-2013,2,56939.0,0,3,2,19,1,1976,0
12-05-2014,2,80872.0,0,0,1,60,0,1951,0
13-08-2012,4,72335.0,0,2,1,2,0,1976,0
23-11-2013,4,61798.0,0,0,1,13,0,1964,0
03-05-2014,4,76842.0,0,1,1,37,0,1950,0
17-01-2014,2,29478.0,1,2,1,59,0,1976,0
22-10-2012,2,46998.0,0,0,5,55,1,1956,3
23-04-2013,2,96843.0,0,0,1,60,0,1990,5
07-05-2014,4,56551.0,1,1,3,48,1,1950,0
03-07-2013,3,70053.0,0,3,3,38,1,1965,0
09-07-2013,4,71670.0,0,1,1,8,0,1962,2
17-06-2014,2,44359.0,1,3,3,19,1,1978,0
06-05-2013,2,40887.0,1,0,3,32,1,1952,0
05-01-2014,2,48877.0,0,1,1,27,1,1966,0
24-08-2013,2,74485.0,0,2,1,58,0,1947,0
22-10-2013,2,64474.0,0,2,2,59,1,1972,0
28-02-2014,2,77226.0,0,2,2,29,1,1963,0
27-02-2013,2,72643.0,0,1,1,60,0,1949,1
23-01-2014,3,85738.0,0,2,1,41,0,1978,4
14-02-2013,2,55686.0,0,1,2,27,1,1966,3
25-03-2014,2,39062.0,1,0,1,28,0,1983,3
01-01-2013,2,34600.0,1,2,5,8,1,1971,0
07-04-2013,2,40794.0,0,3,2,18,1,1975,0
07-11-2013,1,54690.0,1,3,3,76,1,1971,0
05-10-2013,2,4428.0,0,3,0,0,1,1969,0
02-08-2012,1,32632.0,0,3,2,32,0,1963,0
20-09-2013,4,38236.0,1,0,4,2,1,1968,0
10-04-2014,2,36781.0,1,3,1,16,0,1979,0
05-12-2012,3,31385.0,1,0,1,56,0,1984,3
27-02-2013,2,24570.0,1,3,3,97,0,1984,0
18-09-2012,4,25509.0,1,1,3,15,0,1974,0
12-02-2014,2,94642.0,0,3,0,35,0,1951,1
10-06-2013,3,58646.0,0,3,1,3,1,1962,0
12-02-2013,2,53201.0,1,0,8,49,1,1975,0
24-12-2012,2,21994.0,0,2,1,4,1,1957,0
06-02-2013,2,57113.0,1,3,6,45,1,1978,0
22-06-2013,2,51373.0,0,3,1,37,0,1991,0
21-10-2013,2,23477.0,1,3,3,39,0,1986,0
13-04-2014,2,58116.0,0,3,2,38,1,1956,0
16-12-2013,4,72968.0,0,1,1,8,0,1963,1
28-03-2013,3,39791.0,0,3,2,89,1,1971,0
17-10-2013,3,91712.0,0,0,0,47,0,1947,5
03-04-2014,2,94472.0,0,0,1,75,1,1958,4
17-04-2013,2,13672.0,1,2,2,86,1,1960,0
23-05-2014,1,96547.0,0,3,0,4,0,1980,1
29-08-2012,2,79205.0,0,3,1,73,0,1975,1
25-12-2012,4,56559.0,0,2,3,46,1,1975,0
16-01-2013,4,32644.0,1,3,4,38,0,1973,3
02-01-2014,1,67506.0,0,0,1,73,1,1980,0
08-03-2013,2,24206.0,1,0,1,66,0,1970,0
24-12-2013,4,28420.0,1,1,1,36,0,1967,0
06-09-2012,2,22979.0,1,3,3,29,0,1970,0
12-06-2014,2,33279.0,0,0,1,29,0,1966,0
18-09-2013,3,46423.0,1,0,3,6,1,1972,0
07-11-2013,2,30368.0,0,3,2,97,1,1977,0
26-11-2012,2,63684.0,0,3,3,61,1,1970,0
13-02-2013,2,41638.0,0,1,4,68,1,1964,3
17-09-2013,4,68805.0,0,1,1,73,1,1959,0
02-03-2014,4,65814.0,0,2,3,90,1,1966,0
20-05-2013,2,71964.0,0,1,1,81,0,1958,0
14-02-2013,2,39146.0,1,0,3,1,0,1986,0
06-08-2013,2,96876.0,0,2,1,79,0,1977,1
27-01-2013,0,34445.0,0,3,6,92,0,1981,0
07-08-2012,2,68281.0,0,0,1,31,0,1958,0
29-03-2013,1,37284.0,1,3,1,46,1,1975,0
01-03-2013,2,36790.0,0,3,1,14,0,1983,0
15-04-2013,2,27943.0,1,2,3,89,1,1967,0
30-03-2014,2,22263.0,1,1,2,31,1,1951,0
25-09-2012,2,30261.0,1,2,1,75,2,1972,0
12-02-2014,2,28587.0,1,2,3,42,0,1978,0
05-04-2013,3,43815.0,1,3,1,53,0,1982,0
21-01-2014,2,48195.0,1,3,6,53,1,1956,0
05-02-2014,3,77027.0,0,3,2,23,1,1952,0
16-02-2013,4,71322.0,0,3,2,57,1,1965,0
23-02-2014,3,32765.0,1,3,2,49,0,1979,0
12-03-2013,2,29672.0,1,2,1,6,1,1965,0
17-10-2013,2,23272.0,0,1,1,29,0,1953,0
07-09-2012,3,49912.0,0,2,4,5,1,1949,3
01-08-2012,1,7500.0,1,2,4,98,0,1985,0
10-03-2013,4,68117.0,0,1,2,80,1,1947,3
26-11-2013,2,67225.0,0,3,3,4,1,1955,0
12-11-2013,2,17649.0,1,3,3,70,0,1976,0
29-04-2013,2,55914.0,0,2,4,32,1,1975,0
28-09-2013,2,40059.0,1,3,1,82,0,1984,3
05-12-2013,2,60905.0,0,2,2,27,1,1950,0
04-10-2012,2,75330.0,1,3,4,94,1,1977,0
01-06-2013,2,60689.0,0,0,4,23,1,1951,0
28-03-2013,2,38680.0,1,3,1,97,0,1984,0
08-02-2013,2,61416.0,0,2,1,25,0,1982,3
02-05-2013,2,49767.0,0,0,1,92,0,1991,0
25-09-2012,2,83273.0,1,0,10,98,2,1970,0
29-11-2013,2,29009.0,1,3,2,19,0,1981,0
01-12-2013,3,45057.0,1,3,1,80,0,1979,0
11-09-2012,2,37150.0,1,3,8,80,0,1971,0
30-11-2013,2,43020.0,1,0,3,79,0,1970,0
09-06-2014,2,53154.0,0,3,1,50,1,1959,0
11-09-2013,2,65308.0,0,3,1,60,0,1973,1
17-08-2012,2,76467.0,1,0,2,44,0,1970,0
27-12-2013,1,81044.0,0,3,1,0,0,1947,0
09-03-2013,2,32871.0,1,3,1,28,1,1951,0
22-09-2013,2,55801.0,1,0,6,35,1,1975,1
22-06-2014,2,76320.0,0,1,2,49,1,1959,0
02-06-2014,3,36927.0,1,0,2,46,1,1955,0
26-06-2014,2,48794.0,1,2,1,97,1,1953,0
19-03-2013,2,23478.0,0,0,1,51,0,1965,0
06-10-2012,2,71128.0,1,1,3,80,0,1973,0
21-07-2013,4,70179.0,0,1,3,10,1,1976,0
05-01-2013,2,59462.0,0,3,2,29,1,1950,0
18-05-2013,3,,1,2,7,52,1,1969,0
27-12-2013,2,38361.0,1,2,3,74,0,1969,0
31-05-2013,4,,1,0,2,82,0,1981,0
25-10-2013,4,70038.0,0,2,1,54,0,1982,0
12-01-2013,2,42554.0,1,2,2,93,1,1978,0
12-08-2012,2,67445.0,0,3,5,63,1,1974,0
06-01-2013,2,67046.0,0,1,2,92,1,1951,0
06-09-2013,2,42192.0,0,3,1,40,0,1948,0
29-10-2012,4,77610.0,0,3,2,70,1,1952,0
05-04-2014,2,31761.0,1,3,2,96,0,1984,0
19-10-2013,2,34350.0,1,2,1,81,0,1979,0
05-08-2013,2,54591.0,0,2,3,63,1,1949,0
25-12-2013,2,71866.0,0,3,1,85,1,1956,0
15-09-2013,2,25293.0,1,3,1,51,0,1969,0
10-01-2013,4,42000.0,0,0,2,23,0,1987,0
07-07-2013,2,69520.0,0,3,1,95,0,1983,0
07-02-2014,2,64713.0,1,1,2,11,0,1970,0
05-07-2013,3,27889.0,1,3,1,42,0,1977,0
27-03-2014,0,22123.0,0,1,1,77,0,1960,0
03-03-2013,2,,1,3,4,82,1,1971,0
23-06-2013,3,,0,2,2,83,1,1954,0
26-08-2012,2,27803.0,1,3,2,40,0,1973,0
18-10-2013,2,,0,0,3,95,1,1955,0
07-11-2012,2,51651.0,0,3,4,32,1,1960,0
13-01-2013,2,68487.0,0,3,1,48,0,1988,0
30-10-2013,3,,0,1,1,75,0,1943,5
16-02-2013,2,56796.0,0,3,3,24,1,1969,0
15-12-2012,1,87000.0,0,3,1,61,0,1992,0
31-03-2014,2,79823.0,0,3,1,6,1,1959,4
04-10-2013,2,30828.0,1,0,2,16,0,1980,0
06-11-2013,3,34109.0,0,3,1,39,1,1971,0
31-08-2013,3,53367.0,1,1,7,2,1,1974,0
21-10-2013,0,22390.0,0,2,1,49,0,1969,0
02-05-2014,2,71322.0,0,2,1,31,1,1976,0
19-12-2012,2,79244.0,0,0,1,58,0,1993,1
07-09-2012,3,49912.0,0,2,4,5,1,1949,3
21-05-2013,4,48699.0,1,3,1,90,1,1950,0
30-09-2013,2,80144.0,0,2,1,47,0,1975,0
28-05-2013,2,54252.0,1,0,5,25,1,1956,0
29-09-2012,3,81929.0,1,3,2,60,0,1976,3
29-11-2012,2,76068.0,0,3,1,67,1,1975,2
20-03-2014,3,53204.0,1,3,1,40,1,1976,0
22-05-2014,4,67911.0,0,2,3,63,1,1949,0
17-09-2012,1,14796.0,1,3,2,1,0,1984,0
19-02-2014,4,78128.0,0,3,2,89,1,1974,4
28-02-2013,0,14188.0,0,3,1,40,0,1972,0
29-10-2012,0,20425.0,1,3,2,5,0,1986,0
10-06-2013,3,58646.0,0,3,1,3,1,1962,0
15-12-2012,2,72967.0,0,1,2,1,1,1970,3
08-06-2013,3,48150.0,0,3,3,24,1,1949,0
17-09-2012,2,82332.0,0,0,1,89,0,1961,5
02-06-2013,2,58275.0,1,1,6,48,1,1955,0
21-12-2012,4,44953.0,0,2,1,31,0,1981,3
16-05-2014,2,34587.0,1,2,2,68,1,1953,0
01-11-2013,3,43018.0,0,2,1,46,1,1974,0
24-07-2013,3,45736.0,0,3,5,92,1,1954,0
04-12-2013,3,66476.0,0,2,2,80,1,1969,0
26-08-2013,1,27733.0,1,3,2,16,0,1981,0
21-01-2014,4,69805.0,0,2,2,50,1,1952,0
10-04-2013,3,72217.0,0,0,1,93,0,1962,0
18-10-2012,2,25818.0,1,1,1,51,0,1971,0
12-09-2012,3,37509.0,1,2,2,24,0,1976,0
10-08-2013,1,25176.0,1,2,1,79,1,1976,0
30-08-2012,2,43586.0,0,3,3,26,1,1980,0
03-08-2012,1,53230.0,0,3,4,86,1,1956,0
20-06-2014,2,50116.0,1,2,2,68,1,1957,4
04-10-2013,2,84906.0,0,2,1,98,0,1972,2
02-08-2013,2,61286.0,0,3,2,34,1,1966,0
30-03-2013,4,82333.0,0,3,1,60,0,1986,5
03-09-2012,4,65220.0,0,2,4,3,0,1965,0
03-11-2013,2,33590.0,2,2,1,65,1,1974,0
22-04-2013,2,30992.0,1,1,1,83,0,1976,0
11-03-2013,3,72309.0,0,0,1,64,0,1976,1
29-08-2013,4,156924.0,0,3,0,85,0,1949,0
14-08-2012,0,16005.0,1,3,3,69,0,1980,0
10-01-2014,3,65487.0,0,0,3,48,0,1957,0
06-04-2014,2,58692.0,0,3,1,21,1,1965,0
02-10-2013,2,40590.0,1,1,5,30,1,1969,3
11-05-2014,2,20587.0,1,0,1,39,0,1970,0
01-03-2014,3,62637.0,0,1,1,76,1,1954,0
06-08-2012,3,29435.0,1,1,4,11,1,1966,0
30-01-2014,2,19346.0,1,1,1,26,0,1974,0
23-01-2014,2,35788.0,1,3,2,34,1,1971,0
01-02-2013,2,36997.0,1,1,5,72,1,1968,0
28-02-2014,2,23539.0,0,3,1,13,0,1957,0
17-01-2014,2,65333.0,0,0,7,58,1,1973,4
23-11-2013,2,78499.0,0,0,1,12,0,1957,5
25-03-2014,4,29732.0,1,2,1,23,0,1971,0
24-03-2014,3,41275.0,1,2,4,33,2,1960,0
06-07-2013,4,63516.0,1,2,4,30,1,1973,0
12-10-2013,4,42769.0,0,3,2,15,1,1962,0
15-12-2013,3,49572.0,1,3,2,25,1,1958,0
17-09-2012,2,69209.0,0,3,2,4,0,1972,1
28-01-2014,2,17148.0,1,3,4,80,0,1976,0
02-10-2013,2,40590.0,1,1,5,30,1,1969,3
27-06-2013,3,30560.0,1,2,1,6,0,1976,0
12-05-2014,1,32146.0,1,3,2,16,0,1983,0
29-04-2014,1,41713.0,1,1,5,57,1,1964,0
22-01-2014,3,34176.0,0,2,1,9,1,1975,0
12-03-2014,4,58482.0,0,3,2,59,1,1955,4
25-01-2014,2,59686.0,0,0,1,78,1,1965,0
11-10-2012,4,60896.0,0,3,3,90,1,1964,0
04-03-2014,2,62994.0,1,2,1,74,0,1980,0
01-08-2013,2,47320.0,0,2,6,10,1,1957,0
03-06-2013,1,74859.0,0,1,1,63,0,1949,1
28-10-2013,0,15253.0,1,0,2,13,0,1992,0
24-06-2013,4,31560.0,1,0,2,98,0,1974,0
14-02-2013,2,72071.0,0,1,3,4,1,1954,0
27-03-2013,3,91172.0,0,0,0,94,0,1990,1
23-12-2013,2,90000.0,0,3,1,91,0,1984,1
23-11-2013,2,41967.0,1,0,1,66,1,1981,0
05-03-2014,2,69263.0,0,0,1,14,1,1965,4
28-06-2013,1,65706.0,0,1,1,77,0,1970,2
17-01-2014,2,60934.0,0,2,2,41,1,1975,0
29-07-2013,2,71965.0,0,3,3,21,1,1951,0
10-03-2014,2,65210.0,0,3,2,25,1,1955,1
11-01-2013,4,79174.0,0,3,1,2,0,1975,1
22-12-2012,3,81380.0,0,1,1,51,0,1967,0
18-10-2012,4,48432.0,0,0,5,3,1,1973,0
07-01-2013,2,52914.0,0,3,2,32,1,1971,3
24-10-2013,2,38946.0,0,2,2,84,1,1955,0
04-11-2013,2,26067.0,1,3,3,49,0,1974,0
07-03-2013,4,44325.0,0,3,4,69,1,1972,4
23-04-2014,2,42523.0,0,3,1,96,0,1964,0
20-05-2013,0,26487.0,1,0,3,23,0,1978,0
18-03-2014,1,53233.0,0,3,1,18,1,1957,0
10-01-2013,2,67716.0,0,3,4,8,1,1960,4
06-02-2014,3,76234.0,0,3,1,21,1,1972,4
11-05-2014,4,84117.0,0,3,1,60,0,1956,5
10-01-2014,3,65487.0,0,2,3,48,0,1957,0
16-03-2014,0,25224.0,1,3,2,36,0,1972,0
25-02-2013,3,89616.0,0,0,1,36,0,1983,0
21-02-2013,2,40851.0,1,1,1,63,1,1971,0
02-08-2012,2,27469.0,0,3,1,2,0,1947,0
06-11-2012,1,82347.0,0,3,1,38,0,1957,1
01-08-2012,2,73803.0,0,3,2,61,1,1957,3
22-03-2013,3,8820.0,1,0,4,52,1,1952,0
21-04-2014,2,43322.0,0,0,1,25,0,1974,0
21-08-2013,2,55593.0,0,2,2,63,1,1973,3
18-06-2013,2,50501.0,1,3,7,10,1,1954,3
26-06-2014,2,37085.0,1,3,4,65,1,1975,0
05-08-2013,0,16185.0,1,0,2,71,0,1990,0
23-11-2012,2,57731.0,0,0,4,0,1,1969,0
18-10-2012,4,48432.0,0,0,5,3,1,1973,0
02-01-2013,2,73807.0,0,3,2,88,1,1978,0
16-02-2013,2,18929.0,0,3,1,15,0,1990,0
15-10-2012,2,35893.0,1,0,6,80,1,1968,0
11-08-2012,2,61014.0,0,3,4,17,1,1980,0
23-03-2014,2,32144.0,1,2,4,76,1,1954,4
07-12-2012,0,14918.0,0,2,1,52,1,1963,0
15-07-2013,2,45146.0,1,1,2,28,1,1963,0
13-02-2013,1,41769.0,0,1,6,31,1,1955,0
05-02-2014,2,88325.0,0,2,1,42,0,1981,0
01-05-2014,3,38054.0,1,1,2,24,1,1950,0
12-10-2012,1,80617.0,0,0,1,42,0,1995,0
30-07-2013,2,5305.0,0,3,0,12,1,1976,0
20-12-2012,2,36807.0,1,2,1,88,1,1954,0
21-03-2013,2,28427.0,1,2,2,67,0,1983,0
05-04-2014,4,82032.0,0,1,0,54,0,1948,0
19-06-2013,2,22775.0,1,2,1,40,0,1978,0
14-10-2012,3,40101.0,1,2,4,73,0,1985,0
26-11-2013,2,58025.0,0,3,3,81,1,1979,0
04-07-2013,3,75777.0,0,0,1,12,0,1982,4
07-05-2013,1,7500.0,1,2,4,7,0,1979,0
25-06-2014,3,33562.0,1,3,3,33,2,1963,0
09-01-2014,4,57642.0,0,0,3,24,1,1970,3
26-09-2012,2,58554.0,1,2,6,55,1,1968,0
24-03-2013,2,63777.0,1,3,8,87,1,1979,0
03-03-2013,2,57967.0,0,0,5,39,1,1962,0
12-08-2012,1,,0,2,0,53,0,1978,4
18-05-2014,2,24434.0,2,3,2,9,0,1972,0
16-03-2013,2,11012.0,1,0,3,82,0,1984,3
21-08-2012,3,44802.0,0,0,2,71,0,1970,0
17-08-2012,2,26816.0,0,0,1,50,0,1986,0
02-06-2013,2,666666.0,1,2,4,23,0,1977,0
01-07-2013,2,34421.0,1,3,1,81,0,1974,0
13-06-2013,2,61223.0,0,3,2,46,1,1967,0
10-06-2014,4,64014.0,2,2,7,56,1,1946,1
25-01-2014,2,56981.0,0,1,1,91,0,1981,4
24-01-2014,3,69245.0,0,2,2,8,1,1956,0
15-10-2012,4,52869.0,1,3,3,40,1,1954,0
